Sillaba,Conteggio,lunghezza_sillaba
schiet,7,6.0
schiét,4,6.0
schioc,2,6.0
schiàc,2,6.0
schiaf,2,6.0
schiat,2,6.0
schiàn,2,6.0
schiàf,2,6.0
splanc,2,6.0
schiop,2,6.0
schiàt,1,6.0
striàr,1,6.0
schiéz,1,6.0
schian,1,6.0
schiòp,1,6.0
schiàp,1,6.0
schièt,1,6.0
sghiac,1,6.0
schial,1,6.0
schièl,1,6.0
stract,1,6.0
schiòt,1,6.0
schiàr,1,6.0
schiòc,1,6.0
strèss,1,6.0
schia,60,5.0
strut,49,5.0
schià,32,5.0
gliàn,28,5.0
scrit,27,5.0
scrìt,22,5.0
chiac,21,5.0
trans,21,5.0
schio,20,5.0
scher,19,5.0
strac,18,5.0
chiet,18,5.0
scièn,18,5.0
chiét,16,5.0
strin,15,5.0
chiap,15,5.0
sciac,15,5.0
scien,14,5.0
strèl,13,5.0
gliét,13,5.0
schie,13,5.0
stràn,12,5.0
gliàr,11,5.0
schet,11,5.0
stroz,11,5.0
strat,11,5.0
ghiac,11,5.0
chioc,11,5.0
squar,11,5.0
stron,11,5.0
spruz,10,5.0
strel,10,5.0
schét,10,5.0
stram,10,5.0
strap,10,5.0
strìn,9,5.0
stria,9,5.0
chièl,9,5.0
schiz,9,5.0
sdruc,8,5.0
chiòt,8,5.0
strom,8,5.0
schiù,8,5.0
scheg,8,5.0
stran,8,5.0
strià,8,5.0
schér,7,5.0
ghiot,7,5.0
ghiàc,7,5.0
schiè,7,5.0
chiàr,7,5.0
scioc,7,5.0
scial,7,5.0
sbian,7,5.0
sguar,7,5.0
glièn,7,5.0
strug,7,5.0
stret,7,5.0
scian,7,5.0
chiel,7,5.0
spres,7,5.0
gliàc,6,5.0
strep,6,5.0
fluen,6,5.0
strét,6,5.0
stràc,6,5.0
chiàn,6,5.0
gliac,6,5.0
stral,6,5.0
chiòc,6,5.0
sprez,6,5.0
chias,6,5.0
sgrop,6,5.0
spran,6,5.0
schiu,6,5.0
sciut,5,5.0
gliet,5,5.0
squìn,5,5.0
stric,5,5.0
sciat,5,5.0
sciàr,5,5.0
squit,5,5.0
sciòl,5,5.0
strit,5,5.0
strùt,5,5.0
sbran,5,5.0
striz,5,5.0
ghian,5,5.0
sfran,5,5.0
sciam,5,5.0
stril,5,5.0
gliar,5,5.0
sciàl,5,5.0
sciùt,5,5.0
spian,5,5.0
sfron,5,5.0
strim,5,5.0
sbruf,5,5.0
clien,4,5.0
stràt,4,5.0
stràr,4,5.0
sgual,4,5.0
sgram,4,5.0
strip,4,5.0
sbrin,4,5.0
sprov,4,5.0
sdrùc,4,5.0
strio,4,5.0
scroc,4,5.0
sgras,4,5.0
striè,4,5.0
gliof,4,5.0
strùg,4,5.0
chiàt,4,5.0
sciàc,4,5.0
thlon,4,5.0
chiàc,4,5.0
scric,4,5.0
sciàn,4,5.0
schió,4,5.0
cròss,4,5.0
sgros,3,5.0
schég,3,5.0
chial,3,5.0
splèn,3,5.0
squil,3,5.0
chiaz,3,5.0
spiaz,3,5.0
ghiàn,3,5.0
phlet,3,5.0
chiàp,3,5.0
scrìc,3,5.0
sfrut,3,5.0
plànc,3,5.0
streg,3,5.0
sgres,3,5.0
squal,3,5.0
sghia,3,5.0
splen,3,5.0
sgrap,3,5.0
sbrec,3,5.0
sgiun,3,5.0
schéz,3,5.0
schic,3,5.0
strec,3,5.0
sgron,3,5.0
strèn,3,5.0
sbloc,3,5.0
sgraf,3,5.0
stres,3,5.0
planc,3,5.0
sbrac,3,5.0
strib,2,5.0
sciot,2,5.0
sgrom,2,5.0
schìz,2,5.0
strìc,2,5.0
stròn,2,5.0
sfrat,2,5.0
sgiùn,2,5.0
stiàn,2,5.0
brian,2,5.0
sprèz,2,5.0
sgran,2,5.0
squin,2,5.0
sbrón,2,5.0
stròr,2,5.0
triar,2,5.0
sfioc,2,5.0
chian,2,5.0
stròz,2,5.0
drien,2,5.0
sbren,2,5.0
triun,2,5.0
sfrom,2,5.0
ghioz,2,5.0
stràl,2,5.0
stràm,2,5.0
sbiet,2,5.0
spiàn,2,5.0
gliot,2,5.0
strop,2,5.0
chiéz,2,5.0
sfian,2,5.0
squìl,2,5.0
stròc,2,5.0
sbrai,2,5.0
sprùz,2,5.0
ghiót,2,5.0
sgrot,2,5.0
scràn,2,5.0
strón,2,5.0
squac,2,5.0
sprès,2,5.0
sguin,2,5.0
squàr,2,5.0
spiàg,2,5.0
sciòt,2,5.0
scrol,2,5.0
strùz,2,5.0
strùc,2,5.0
stròi,2,5.0
sguàr,2,5.0
sciol,2,5.0
splìt,2,5.0
gliàz,2,5.0
sbrat,2,5.0
schèl,2,5.0
spion,2,5.0
sgher,2,5.0
squas,2,5.0
sguàn,2,5.0
struc,2,5.0
stràp,2,5.0
squat,2,5.0
schèr,2,5.0
tràns,2,5.0
sciar,2,5.0
nietz,2,5.0
spiac,2,5.0
scròc,2,5.0
sguer,2,5.0
ghièl,2,5.0
schèt,1,5.0
squàc,1,5.0
flàsh,1,5.0
spiag,1,5.0
spriz,1,5.0
nìstr,1,5.0
schìc,1,5.0
sguìz,1,5.0
struo,1,5.0
sghem,1,5.0
sghin,1,5.0
strìz,1,5.0
sbròc,1,5.0
gliùz,1,5.0
schél,1,5.0
spròc,1,5.0
shock,1,5.0
spiàz,1,5.0
chiùr,1,5.0
spréz,1,5.0
spril,1,5.0
squét,1,5.0
chiog,1,5.0
spiat,1,5.0
sbrìc,1,5.0
dungs,1,5.0
schim,1,5.0
sbràc,1,5.0
strùf,1,5.0
sbràt,1,5.0
sbroc,1,5.0
stiac,1,5.0
gliòt,1,5.0
sghèr,1,5.0
chioz,1,5.0
ghièn,1,5.0
spràt,1,5.0
t'àrm,1,5.0
sfiam,1,5.0
sfert,1,5.0
strèp,1,5.0
stuel,1,5.0
stròp,1,5.0
fròst,1,5.0
sfrec,1,5.0
priàr,1,5.0
clàmp,1,5.0
chiàg,1,5.0
chiàs,1,5.0
sgnac,1,5.0
sleal,1,5.0
sfrìg,1,5.0
quiem,1,5.0
sguaz,1,5.0
gliel,1,5.0
sgràs,1,5.0
grìll,1,5.0
sprét,1,5.0
strub,1,5.0
squàl,1,5.0
sghim,1,5.0
stróm,1,5.0
sguan,1,5.0
sguai,1,5.0
gliòm,1,5.0
frónt,1,5.0
schec,1,5.0
strió,1,5.0
sdiac,1,5.0
brech,1,5.0
saint,1,5.0
sciòc,1,5.0
sfrin,1,5.0
stror,1,5.0
sfràt,1,5.0
triot,1,5.0
sfios,1,5.0
struà,1,5.0
stràz,1,5.0
stièn,1,5.0
sbron,1,5.0
stroc,1,5.0
gliéz,1,5.0
streb,1,5.0
strìl,1,5.0
sgràf,1,5.0
sfiac,1,5.0
sguàt,1,5.0
strìs,1,5.0
sguìn,1,5.0
sblòc,1,5.0
sprìz,1,5.0
stièr,1,5.0
scram,1,5.0
sbiel,1,5.0
sbrùf,1,5.0
chiec,1,5.0
sprin,1,5.0
splàn,1,5.0
shish,1,5.0
stock,1,5.0
strìb,1,5.0
stréz,1,5.0
spòrt,1,5.0
strùl,1,5.0
nìght,1,5.0
chieg,1,5.0
sting,1,5.0
chiàz,1,5.0
squàs,1,5.0
gliòc,1,5.0
sgril,1,5.0
gliuz,1,5.0
sclau,1,5.0
glial,1,5.0
spràn,1,5.0
plòmb,1,5.0
right,1,5.0
sbiàn,1,5.0
chiur,1,5.0
hèrtz,1,5.0
ghiòz,1,5.0
gliòf,1,5.0
sgrón,1,5.0
glien,1,5.0
sdram,1,5.0
sciàt,1,5.0
spiom,1,5.0
sciàm,1,5.0
sbrén,1,5.0
ghióz,1,5.0
cruen,1,5.0
sgrìn,1,5.0
sfrit,1,5.0
sguiz,1,5.0
spràz,1,5.0
spreg,1,5.0
scròl,1,5.0
splàt,1,5.0
strau,1,5.0
sghém,1,5.0
glieg,1,5.0
sfion,1,5.0
strul,1,5.0
stra,373,4.0
glia,329,4.0
glià,327,4.0
chià,280,4.0
chia,273,4.0
schi,241,4.0
stro,238,4.0
glio,205,4.0
chio,197,4.0
strà,161,4.0
scia,158,4.0
stri,153,4.0
scèn,121,4.0
stru,120,4.0
scon,119,4.0
tran,113,4.0
scià,112,4.0
sche,106,4.0
pres,105,4.0
gràm,99,4.0
stre,89,4.0
fran,88,4.0
scri,85,4.0
scal,84,4.0
spet,84,4.0
scio,78,4.0
scor,78,4.0
chét,77,4.0
guar,76,4.0
trat,76,4.0
chet,73,4.0
chie,69,4.0
scar,68,4.0
stan,65,4.0
glió,64,4.0
strì,60,4.0
sten,58,4.0
gram,58,4.0
glie,57,4.0
ster,57,4.0
scom,56,4.0
stàn,56,4.0
sper,54,4.0
chiè,52,4.0
squa,50,4.0
scan,49,4.0
pian,48,4.0
scrì,48,4.0
cheg,47,4.0
bian,46,4.0
gran,46,4.0
pren,46,4.0
bron,45,4.0
trin,45,4.0
giun,45,4.0
spon,44,4.0
stèn,44,4.0
quar,43,4.0
trac,43,4.0
stel,42,4.0
quin,42,4.0
stal,42,4.0
fron,40,4.0
scle,40,4.0
post,39,4.0
spre,39,4.0
strò,39,4.0
liàn,39,4.0
spor,37,4.0
chió,37,4.0
giàn,37,4.0
crit,37,4.0
tron,37,4.0
sgra,36,4.0
cièn,36,4.0
prov,35,4.0
clas,35,4.0
fles,35,4.0
cian,35,4.0
trap,34,4.0
sfor,34,4.0
scre,34,4.0
schì,34,4.0
tràn,34,4.0
spia,33,4.0
scen,33,4.0
trom,33,4.0
spar,33,4.0
stor,33,4.0
frut,33,4.0
spro,33,4.0
gliè,31,4.0
sbra,31,4.0
brac,31,4.0
spen,30,4.0
stam,30,4.0
bran,30,4.0
ghia,29,4.0
gres,29,4.0
scol,29,4.0
spèr,28,4.0
stèr,28,4.0
span,28,4.0
chiù,27,4.0
quan,27,4.0
stià,27,4.0
chiò,27,4.0
scam,27,4.0
ghià,27,4.0
fluo,27,4.0
fram,26,4.0
chéz,26,4.0
sciu,26,4.0
sché,26,4.0
stio,26,4.0
graf,26,4.0
pneu,26,4.0
stió,25,4.0
gior,25,4.0
strè,25,4.0
quat,25,4.0
trio,25,4.0
ciac,25,4.0
glié,25,4.0
près,25,4.0
chié,24,4.0
stil,24,4.0
quèn,24,4.0
scac,24,4.0
scin,24,4.0
fiam,24,4.0
ciàn,24,4.0
gliò,23,4.0
sbar,23,4.0
brio,23,4.0
cher,23,4.0
prez,23,4.0
pseu,23,4.0
spaz,23,4.0
spie,23,4.0
giùn,22,4.0
squi,22,4.0
frat,22,4.0
tràt,22,4.0
sver,22,4.0
strù,22,4.0
stiè,22,4.0
ciar,22,4.0
quie,22,4.0
glos,22,4.0
bràn,22,4.0
gros,21,4.0
fred,21,4.0
cioc,21,4.0
spol,21,4.0
star,21,4.0
stec,21,4.0
piat,21,4.0
piàn,21,4.0
stia,21,4.0
spal,21,4.0
triz,21,4.0
stàl,20,4.0
rien,20,4.0
bril,20,4.0
stic,20,4.0
scro,20,4.0
sciè,20,4.0
gràn,20,4.0
gras,20,4.0
tral,20,4.0
tràr,20,4.0
tria,19,4.0
stin,19,4.0
cial,19,4.0
pran,19,4.0
sció,19,4.0
ghet,19,4.0
stìn,19,4.0
ghét,19,4.0
stac,19,4.0
spac,19,4.0
sciò,18,4.0
sciù,18,4.0
sgro,18,4.0
spun,18,4.0
blio,18,4.0
biet,17,4.0
ciàr,17,4.0
flui,17,4.0
quen,17,4.0
cien,17,4.0
sbri,17,4.0
piaz,17,4.0
sgua,17,4.0
scàl,17,4.0
nièn,16,4.0
gial,16,4.0
grat,16,4.0
piom,16,4.0
sven,16,4.0
liàr,16,4.0
trèl,16,4.0
trià,16,4.0
traf,16,4.0
prio,16,4.0
scap,16,4.0
tram,16,4.0
fràn,16,4.0
pièn,16,4.0
prac,16,4.0
smar,16,4.0
sbal,16,4.0
schè,16,4.0
pras,15,4.0
ciam,15,4.0
stèl,15,4.0
scot,15,4.0
gual,15,4.0
scil,15,4.0
sfra,15,4.0
ciòt,15,4.0
spic,15,4.0
scàn,15,4.0
glòs,15,4.0
chiu,15,4.0
squà,14,4.0
pleu,14,4.0
scòr,14,4.0
ghiè,14,4.0
scru,14,4.0
stró,14,4.0
chég,14,4.0
steg,14,4.0
sgre,14,4.0
spru,14,4.0
sban,14,4.0
scel,14,4.0
trec,14,4.0
dram,14,4.0
sple,14,4.0
guer,14,4.0
sfer,14,4.0
guàr,14,4.0
vrap,14,4.0
plan,14,4.0
chiz,14,4.0
brec,13,4.0
sfio,13,4.0
fian,13,4.0
gheg,13,4.0
gnàn,13,4.0
stem,13,4.0
quio,13,4.0
ples,13,4.0
prin,13,4.0
guan,13,4.0
liar,13,4.0
ghio,13,4.0
tràc,13,4.0
bloc,13,4.0
pram,13,4.0
brat,13,4.0
scis,13,4.0
ciot,13,4.0
quìn,13,4.0
scàr,13,4.0
spin,13,4.0
croc,13,4.0
prèn,13,4.0
piàt,13,4.0
trìn,12,4.0
sfol,12,4.0
zièn,12,4.0
spór,12,4.0
prav,12,4.0
qual,12,4.0
pros,12,4.0
dràm,12,4.0
stop,12,4.0
bric,12,4.0
pial,12,4.0
stré,12,4.0
scón,12,4.0
sgar,12,4.0
scer,12,4.0
smal,12,4.0
prag,12,4.0
spìn,12,4.0
zien,11,4.0
splo,11,4.0
sbia,11,4.0
bràc,11,4.0
giar,11,4.0
sfre,11,4.0
scén,11,4.0
trad,11,4.0
drap,11,4.0
proi,11,4.0
praf,11,4.0
sbat,11,4.0
glot,11,4.0
sbor,11,4.0
spri,11,4.0
grop,11,4.0
lièn,11,4.0
sfac,11,4.0
scór,11,4.0
spez,11,4.0
bien,11,4.0
sdru,11,4.0
diàn,11,4.0
scèl,11,4.0
clau,11,4.0
broc,11,4.0
scuò,11,4.0
trep,10,4.0
sbro,10,4.0
sboz,10,4.0
gron,10,4.0
spàr,10,4.0
fiàm,10,4.0
clàs,10,4.0
frón,10,4.0
smis,10,4.0
pron,10,4.0
frit,10,4.0
scas,10,4.0
spli,10,4.0
buon,10,4.0
spèt,10,4.0
grès,10,4.0
spòr,10,4.0
spèn,10,4.0
trot,10,4.0
gril,10,4.0
sgom,10,4.0
sboc,10,4.0
stéz,10,4.0
grup,10,4.0
gher,10,4.0
scim,10,4.0
grin,10,4.0
staf,10,4.0
sghi,10,4.0
stòr,10,4.0
stoc,10,4.0
tret,10,4.0
spec,10,4.0
trol,10,4.0
flès,10,4.0
tràg,10,4.0
dièn,10,4.0
plàn,10,4.0
scet,10,4.0
scìn,10,4.0
grot,9,4.0
bria,9,4.0
chèl,9,4.0
driz,9,4.0
sfal,9,4.0
pria,9,4.0
sman,9,4.0
brin,9,4.0
quàn,9,4.0
quàr,9,4.0
grap,9,4.0
spil,9,4.0
quas,9,4.0
fioc,9,4.0
sprè,9,4.0
squì,9,4.0
prat,9,4.0
pràn,9,4.0
flet,9,4.0
scrò,9,4.0
guèn,9,4.0
triè,9,4.0
stau,9,4.0
trau,9,4.0
sfon,9,4.0
ciul,9,4.0
stig,9,4.0
cros,9,4.0
crip,9,4.0
frùt,9,4.0
stuc,9,4.0
riàn,9,4.0
scop,9,4.0
stie,9,4.0
smor,9,4.0
tren,9,4.0
trip,9,4.0
trar,9,4.0
fiac,9,4.0
flùs,8,4.0
blin,8,4.0
sclu,8,4.0
sfru,8,4.0
cric,8,4.0
trez,8,4.0
reat,8,4.0
sprì,8,4.0
spio,8,4.0
gian,8,4.0
scoc,8,4.0
giór,8,4.0
quil,8,4.0
stàg,8,4.0
stàr,8,4.0
glòt,8,4.0
guàn,8,4.0
smét,8,4.0
drio,8,4.0
chés,8,4.0
flèt,8,4.0
ciàc,8,4.0
plau,8,4.0
stiz,8,4.0
stur,8,4.0
tràl,8,4.0
biàn,8,4.0
sfia,8,4.0
tròl,8,4.0
trul,8,4.0
bion,8,4.0
scul,8,4.0
svòl,8,4.0
leon,8,4.0
guaz,8,4.0
piop,8,4.0
scàm,7,4.0
ciuc,7,4.0
spes,7,4.0
giàr,7,4.0
sfàt,7,4.0
scòt,7,4.0
brón,7,4.0
quià,7,4.0
gnàc,7,4.0
gnàr,7,4.0
prèz,7,4.0
smon,7,4.0
proc,7,4.0
trét,7,4.0
tril,7,4.0
quer,7,4.0
fràt,7,4.0
cion,7,4.0
stàm,7,4.0
scuo,7,4.0
scoz,7,4.0
prap,7,4.0
rièn,7,4.0
treg,7,4.0
vòlt,7,4.0
sfar,7,4.0
scos,7,4.0
frul,7,4.0
pric,7,4.0
sgam,7,4.0
trim,7,4.0
brel,7,4.0
truc,7,4.0
gnòt,7,4.0
ches,7,4.0
trón,7,4.0
treb,7,4.0
scat,7,4.0
sgan,7,4.0
grom,7,4.0
chic,7,4.0
splè,7,4.0
tèst,6,4.0
scem,6,4.0
brut,6,4.0
stàc,6,4.0
sbir,6,4.0
vrec,6,4.0
stag,6,4.0
stùr,6,4.0
brìc,6,4.0
stir,6,4.0
pret,6,4.0
psam,6,4.0
plès,6,4.0
crol,6,4.0
ciàl,6,4.0
ziàn,6,4.0
cràn,6,4.0
giuc,6,4.0
stìc,6,4.0
frap,6,4.0
scaz,6,4.0
flus,6,4.0
gnét,6,4.0
bròc,6,4.0
sgri,6,4.0
crìc,6,4.0
ston,6,4.0
fiàc,6,4.0
niet,6,4.0
glau,6,4.0
prad,6,4.0
gliù,6,4.0
sfin,6,4.0
truf,6,4.0
spià,6,4.0
trit,6,4.0
prià,6,4.0
gréz,6,4.0
sber,6,4.0
chìc,6,4.0
cron,6,4.0
drit,6,4.0
scur,6,4.0
slit,6,4.0
frol,6,4.0
fret,6,4.0
stòi,6,4.0
sner,6,4.0
fìlm,6,4.0
blòc,6,4.0
prie,6,4.0
stap,6,4.0
cròc,6,4.0
fiàn,6,4.0
spul,6,4.0
ciòc,6,4.0
plèn,6,4.0
smer,6,4.0
brét,6,4.0
sfri,6,4.0
svol,6,4.0
ciòl,6,4.0
sbru,6,4.0
trav,5,4.0
trab,5,4.0
sbac,5,4.0
tlàn,5,4.0
sgrà,5,4.0
grip,5,4.0
grìn,5,4.0
spàn,5,4.0
quàs,5,4.0
frìt,5,4.0
tróm,5,4.0
ghin,5,4.0
plio,5,4.0
piét,5,4.0
giàm,5,4.0
chei,5,4.0
sbul,5,4.0
tras,5,4.0
guiz,5,4.0
stuz,5,4.0
piàg,5,4.0
ghió,5,4.0
stol,5,4.0
stoi,5,4.0
ciur,5,4.0
stòc,5,4.0
ciùc,5,4.0
piet,5,4.0
smoz,5,4.0
floc,5,4.0
drùc,5,4.0
sprà,5,4.0
smoc,5,4.0
sdra,5,4.0
sgon,5,4.0
sbàr,5,4.0
chin,5,4.0
tràm,5,4.0
flot,5,4.0
glìt,5,4.0
stua,5,4.0
guil,5,4.0
drìt,5,4.0
plac,5,4.0
smet,5,4.0
flit,5,4.0
rian,5,4.0
dràc,5,4.0
svel,5,4.0
spur,5,4.0
sgor,5,4.0
spàl,5,4.0
stór,5,4.0
chèr,5,4.0
tròc,5,4.0
diar,5,4.0
frec,5,4.0
sbie,5,4.0
staz,5,4.0
scla,5,4.0
spìc,5,4.0
sdrù,5,4.0
spas,5,4.0
bréz,5,4.0
scré,5,4.0
plàu,4,4.0
stoz,4,4.0
bret,4,4.0
cror,4,4.0
pion,4,4.0
stuò,4,4.0
scòc,4,4.0
scaf,4,4.0
sfis,4,4.0
scòs,4,4.0
drià,4,4.0
sgui,4,4.0
trài,4,4.0
giac,4,4.0
tròi,4,4.0
chel,4,4.0
spiu,4,4.0
spòn,4,4.0
ghel,4,4.0
sghe,4,4.0
sfàl,4,4.0
tréb,4,4.0
stiò,4,4.0
piac,4,4.0
frìg,4,4.0
tréz,4,4.0
gràs,4,4.0
grùp,4,4.0
spùn,4,4.0
scàt,4,4.0
ghéz,4,4.0
guai,4,4.0
vrim,4,4.0
quiè,4,4.0
brìl,4,4.0
clèi,4,4.0
svec,4,4.0
feld,4,4.0
grét,4,4.0
bràt,4,4.0
smac,4,4.0
svet,4,4.0
trai,4,4.0
sfug,4,4.0
sbot,4,4.0
duel,4,4.0
dròi,4,4.0
from,4,4.0
piag,4,4.0
brai,4,4.0
sfot,4,4.0
guet,4,4.0
glas,4,4.0
sbór,4,4.0
spìl,4,4.0
riàr,4,4.0
quac,4,4.0
sbrò,4,4.0
stóp,4,4.0
scìs,4,4.0
ciuf,4,4.0
giam,4,4.0
bioc,4,4.0
prón,4,4.0
plen,4,4.0
frig,4,4.0
svan,4,4.0
scàg,4,4.0
rium,4,4.0
stés,4,4.0
spau,4,4.0
sbèr,4,4.0
scrè,4,4.0
trof,4,4.0
miot,4,4.0
guin,4,4.0
splò,4,4.0
breg,4,4.0
guèl,4,4.0
stìl,4,4.0
fior,4,4.0
sbef,4,4.0
sbuc,4,4.0
sgoc,4,4.0
grul,4,4.0
zieg,4,4.0
spèl,4,4.0
bliò,4,4.0
gnau,4,4.0
scèt,4,4.0
grón,4,4.0
flem,4,4.0
rönt,4,4.0
guèr,4,4.0
smen,4,4.0
scùs,4,4.0
frau,4,4.0
dràn,4,4.0
gròs,4,4.0
smit,4,4.0
sbrà,4,4.0
frin,4,4.0
spos,4,4.0
sgal,4,4.0
tres,4,4.0
gnor,4,4.0
slìt,4,4.0
gnèl,4,4.0
scól,4,4.0
fréd,4,4.0
tràp,4,4.0
spól,4,4.0
blìn,4,4.0
crio,4,4.0
sfèr,4,4.0
stéc,4,4.0
psit,4,4.0
sgob,3,4.0
pnèu,3,4.0
ciùl,3,4.0
glit,3,4.0
biét,3,4.0
svio,3,4.0
tròz,3,4.0
prar,3,4.0
flìg,3,4.0
spif,3,4.0
ghir,3,4.0
trìc,3,4.0
smem,3,4.0
sneb,3,4.0
sbrì,3,4.0
sbuf,3,4.0
scél,3,4.0
sgàr,3,4.0
trùl,3,4.0
scèr,3,4.0
chèn,3,4.0
dros,3,4.0
guel,3,4.0
guàc,3,4.0
rieg,3,4.0
plàc,3,4.0
queo,3,4.0
dial,3,4.0
spàc,3,4.0
vrab,3,4.0
ness,3,4.0
clei,3,4.0
ción,3,4.0
viag,3,4.0
plòi,3,4.0
plèt,3,4.0
giul,3,4.0
crìp,3,4.0
sguì,3,4.0
gràf,3,4.0
stùl,3,4.0
cròl,3,4.0
quìl,3,4.0
plèu,3,4.0
pnòi,3,4.0
piàz,3,4.0
sprù,3,4.0
gnac,3,4.0
giub,3,4.0
grég,3,4.0
splà,3,4.0
stas,3,4.0
tròr,3,4.0
trup,3,4.0
cruc,3,4.0
vraf,3,4.0
sclù,3,4.0
liàm,3,4.0
fion,3,4.0
vest,3,4.0
flam,3,4.0
fiét,3,4.0
quia,3,4.0
smot,3,4.0
brez,3,4.0
plex,3,4.0
blèn,3,4.0
clan,3,4.0
fleg,3,4.0
vrin,3,4.0
scàc,3,4.0
sfìn,3,4.0
guàl,3,4.0
briz,3,4.0
quét,3,4.0
gnel,3,4.0
svèl,3,4.0
gnat,3,4.0
prec,3,4.0
splì,3,4.0
fuor,3,4.0
smùn,3,4.0
brèn,3,4.0
stab,3,4.0
slac,3,4.0
smie,3,4.0
cias,3,4.0
gias,3,4.0
mièn,3,4.0
flig,3,4.0
pràs,3,4.0
pròc,3,4.0
dràp,3,4.0
diac,3,4.0
snel,3,4.0
nien,3,4.0
giug,3,4.0
grìl,3,4.0
quàt,3,4.0
svam,3,4.0
gris,3,4.0
scàs,3,4.0
snoc,3,4.0
spel,3,4.0
brèl,3,4.0
fròt,3,4.0
prus,3,4.0
spla,3,4.0
pióm,3,4.0
gnàt,3,4.0
tròp,3,4.0
spoe,3,4.0
blan,3,4.0
clàu,3,4.0
chec,3,4.0
smus,3,4.0
rièl,3,4.0
stél,3,4.0
piéz,3,4.0
spón,3,4.0
spap,3,4.0
sfat,3,4.0
brah,3,4.0
ziàr,3,4.0
sfig,3,4.0
drìl,3,4.0
srae,3,4.0
trag,3,4.0
sdol,3,4.0
flau,3,4.0
sden,3,4.0
smèr,3,4.0
clòi,3,4.0
dret,3,4.0
trùc,3,4.0
quid,3,4.0
tràf,3,4.0
prét,3,4.0
pral,3,4.0
sfrì,3,4.0
gròt,3,4.0
slan,3,4.0
trie,3,4.0
spam,3,4.0
cròt,3,4.0
flut,3,4.0
smàn,3,4.0
grif,3,4.0
pròs,3,4.0
slab,3,4.0
dard,3,4.0
tréc,3,4.0
neiz,3,4.0
scuf,3,4.0
dran,3,4.0
sgru,3,4.0
sbol,3,4.0
trop,3,4.0
mass,3,4.0
plis,3,4.0
bren,3,4.0
snif,3,4.0
giàc,3,4.0
sprò,3,4.0
sbec,2,4.0
bièt,2,4.0
sbas,2,4.0
leum,2,4.0
sfit,2,4.0
liòt,2,4.0
gnoc,2,4.0
perm,2,4.0
sgóm,2,4.0
prei,2,4.0
smòg,2,4.0
faen,2,4.0
smòr,2,4.0
cliz,2,4.0
frui,2,4.0
scic,2,4.0
stòf,2,4.0
quàc,2,4.0
svin,2,4.0
flùi,2,4.0
grem,2,4.0
tsia,2,4.0
trìl,2,4.0
chas,2,4.0
diur,2,4.0
stul,2,4.0
stìs,2,4.0
ghèl,2,4.0
lian,2,4.0
smin,2,4.0
dria,2,4.0
dreg,2,4.0
tlan,2,4.0
clic,2,4.0
grìp,2,4.0
glis,2,4.0
drùn,2,4.0
ghit,2,4.0
slog,2,4.0
chil,2,4.0
svuo,2,4.0
nièl,2,4.0
spìt,2,4.0
scìr,2,4.0
ghie,2,4.0
zwin,2,4.0
stép,2,4.0
trùf,2,4.0
stét,2,4.0
svìz,2,4.0
giàl,2,4.0
spom,2,4.0
sfel,2,4.0
plia,2,4.0
blat,2,4.0
scip,2,4.0
gret,2,4.0
chéc,2,4.0
biàc,2,4.0
gnàz,2,4.0
snob,2,4.0
stòl,2,4.0
gnet,2,4.0
trió,2,4.0
giot,2,4.0
giòt,2,4.0
giap,2,4.0
clet,2,4.0
clep,2,4.0
prèt,2,4.0
sdét,2,4.0
fras,2,4.0
gnàg,2,4.0
guàg,2,4.0
pred,2,4.0
svèr,2,4.0
brid,2,4.0
driè,2,4.0
smol,2,4.0
tsiò,2,4.0
tràu,2,4.0
clac,2,4.0
dràu,2,4.0
svia,2,4.0
prof,2,4.0
ciap,2,4.0
blàg,2,4.0
sdop,2,4.0
splu,2,4.0
steu,2,4.0
sbio,2,4.0
stól,2,4.0
flèm,2,4.0
drun,2,4.0
sgoz,2,4.0
nord,2,4.0
spit,2,4.0
gràp,2,4.0
scou,2,4.0
vrac,2,4.0
scìm,2,4.0
ciàm,2,4.0
clàn,2,4.0
ring,2,4.0
ciàt,2,4.0
clìt,2,4.0
ghég,2,4.0
svén,2,4.0
sbré,2,4.0
svez,2,4.0
vràl,2,4.0
brió,2,4.0
cràs,2,4.0
chèi,2,4.0
rial,2,4.0
clìp,2,4.0
smés,2,4.0
gróm,2,4.0
ghim,2,4.0
grép,2,4.0
flùt,2,4.0
step,2,4.0
pril,2,4.0
bert,2,4.0
gine,2,4.0
tròt,2,4.0
mais,2,4.0
biòc,2,4.0
stei,2,4.0
fert,2,4.0
brén,2,4.0
glan,2,4.0
coin,2,4.0
spiè,2,4.0
plei,2,4.0
leal,2,4.0
spoc,2,4.0
riàm,2,4.0
tror,2,4.0
fiot,2,4.0
viet,2,4.0
ghiò,2,4.0
gaul,2,4.0
fiéz,2,4.0
riét,2,4.0
cheo,2,4.0
smuò,2,4.0
stàz,2,4.0
piòg,2,4.0
sbur,2,4.0
trèp,2,4.0
sfòr,2,4.0
chis,2,4.0
tèxt,2,4.0
fiòc,2,4.0
mieg,2,4.0
zèug,2,4.0
sfan,2,4.0
piog,2,4.0
guìl,2,4.0
vral,2,4.0
clét,2,4.0
chìn,2,4.0
dràs,2,4.0
dios,2,4.0
pròv,2,4.0
slom,2,4.0
sfìt,2,4.0
sbòc,2,4.0
fión,2,4.0
chit,2,4.0
grèm,2,4.0
cràu,2,4.0
sbif,2,4.0
guàz,2,4.0
crim,2,4.0
nium,2,4.0
guat,2,4.0
sput,2,4.0
drét,2,4.0
guìz,2,4.0
svac,2,4.0
smat,2,4.0
scìl,2,4.0
fròl,2,4.0
sbàl,2,4.0
glàn,2,4.0
stèm,2,4.0
ghìn,2,4.0
stùc,2,4.0
scòp,2,4.0
guàt,2,4.0
smio,2,4.0
crof,2,4.0
bièn,2,4.0
gnaz,2,4.0
gnòc,2,4.0
cloi,2,4.0
smòs,2,4.0
sbic,2,4.0
prìc,2,4.0
riot,2,4.0
bluf,2,4.0
stìg,2,4.0
drèl,2,4.0
quàl,2,4.0
grìf,2,4.0
watt,2,4.0
cios,2,4.0
guìn,2,4.0
scus,2,4.0
guen,2,4.0
gruz,2,4.0
tròs,2,4.0
vriè,2,4.0
sdot,2,4.0
giùg,2,4.0
crùc,2,4.0
drib,2,4.0
flàm,2,4.0
brùt,2,4.0
ting,2,4.0
vièn,2,4.0
brài,2,4.0
fiàg,2,4.0
miàn,2,4.0
brie,2,4.0
tuòr,2,4.0
clàg,2,4.0
scìp,2,4.0
fiòt,2,4.0
chid,2,4.0
clùb,2,4.0
griè,2,4.0
plét,2,4.0
spàz,2,4.0
sgór,2,4.0
sdrà,2,4.0
gric,2,4.0
trùp,2,4.0
siàr,2,4.0
drìn,2,4.0
friz,2,4.0
chèt,2,4.0
lior,2,4.0
svir,2,4.0
pien,2,4.0
guét,2,4.0
fràs,2,4.0
mion,2,4.0
quel,2,4.0
flìt,2,4.0
pròt,2,4.0
caiz,2,4.0
stèi,2,4.0
scra,2,4.0
sfón,2,4.0
brià,2,4.0
fróm,2,4.0
brég,1,4.0
grèo,1,4.0
spìf,1,4.0
cleo,1,4.0
chèg,1,4.0
sfes,1,4.0
gaus,1,4.0
sfàc,1,4.0
scàz,1,4.0
sfeb,1,4.0
trìt,1,4.0
kàrt,1,4.0
riet,1,4.0
dròs,1,4.0
pùll,1,4.0
bùll,1,4.0
crem,1,4.0
tica,1,4.0
grui,1,4.0
lias,1,4.0
sfìg,1,4.0
lòtl,1,4.0
snét,1,4.0
jàzz,1,4.0
gnàf,1,4.0
clàc,1,4.0
trór,1,4.0
riòs,1,4.0
smòi,1,4.0
viàn,1,4.0
smèg,1,4.0
chat,1,4.0
sdif,1,4.0
ziét,1,4.0
spòc,1,4.0
trèu,1,4.0
flac,1,4.0
rick,1,4.0
gnìz,1,4.0
sbom,1,4.0
trén,1,4.0
breu,1,4.0
quod,1,4.0
vian,1,4.0
spex,1,4.0
scec,1,4.0
biàt,1,4.0
less,1,4.0
wàtt,1,4.0
spìz,1,4.0
stàf,1,4.0
gruc,1,4.0
troi,1,4.0
scòi,1,4.0
sbòr,1,4.0
bing,1,4.0
bàrd,1,4.0
pash,1,4.0
squè,1,4.0
teng,1,4.0
scòm,1,4.0
quìz,1,4.0
diòi,1,4.0
spùl,1,4.0
chép,1,4.0
slès,1,4.0
muez,1,4.0
sfil,1,4.0
horn,1,4.0
turk,1,4.0
spés,1,4.0
tang,1,4.0
sfèn,1,4.0
sgón,1,4.0
fòrt,1,4.0
spàs,1,4.0
sbùr,1,4.0
sgóc,1,4.0
stif,1,4.0
klek,1,4.0
sbuz,1,4.0
driò,1,4.0
viét,1,4.0
plon,1,4.0
zeug,1,4.0
priè,1,4.0
scùf,1,4.0
spiò,1,4.0
fria,1,4.0
lèft,1,4.0
sdùt,1,4.0
svil,1,4.0
vièl,1,4.0
màio,1,4.0
gnèn,1,4.0
craw,1,4.0
gròi,1,4.0
guit,1,4.0
gnàu,1,4.0
còns,1,4.0
crèn,1,4.0
slùn,1,4.0
bròt,1,4.0
sdòs,1,4.0
ciòp,1,4.0
crac,1,4.0
port,1,4.0
shke,1,4.0
scàb,1,4.0
sbòf,1,4.0
pàto,1,4.0
sles,1,4.0
frèi,1,4.0
lang,1,4.0
fréz,1,4.0
ciàf,1,4.0
drìz,1,4.0
drel,1,4.0
brot,1,4.0
miòt,1,4.0
pràl,1,4.0
fral,1,4.0
dien,1,4.0
quàg,1,4.0
dién,1,4.0
ghìr,1,4.0
sdon,1,4.0
stàu,1,4.0
scét,1,4.0
biur,1,4.0
plùm,1,4.0
cióm,1,4.0
svàn,1,4.0
scóo,1,4.0
guài,1,4.0
piàl,1,4.0
slar,1,4.0
wind,1,4.0
cord,1,4.0
svìn,1,4.0
scag,1,4.0
smèc,1,4.0
sfib,1,4.0
blón,1,4.0
crea,1,4.0
sfàr,1,4.0
pièl,1,4.0
slàc,1,4.0
sbòt,1,4.0
bris,1,4.0
trép,1,4.0
king,1,4.0
svér,1,4.0
viep,1,4.0
tien,1,4.0
sric,1,4.0
quaz,1,4.0
diot,1,4.0
scoi,1,4.0
ptàr,1,4.0
scrù,1,4.0
grés,1,4.0
blàn,1,4.0
ghiù,1,4.0
ling,1,4.0
trex,1,4.0
spop,1,4.0
friu,1,4.0
dàrm,1,4.0
ghés,1,4.0
prab,1,4.0
slur,1,4.0
dias,1,4.0
bràs,1,4.0
ciàp,1,4.0
bònd,1,4.0
sbàf,1,4.0
slat,1,4.0
ched,1,4.0
lari,1,4.0
psia,1,4.0
splù,1,4.0
srut,1,4.0
gnot,1,4.0
sbòb,1,4.0
pàrk,1,4.0
lànt,1,4.0
scóm,1,4.0
giùb,1,4.0
sbéc,1,4.0
brit,1,4.0
chìd,1,4.0
poin,1,4.0
còrd,1,4.0
bròz,1,4.0
fien,1,4.0
pact,1,4.0
scùc,1,4.0
drié,1,4.0
làng,1,4.0
svèn,1,4.0
sgàn,1,4.0
fort,1,4.0
làmb,1,4.0
dràr,1,4.0
thai,1,4.0
stàs,1,4.0
glàs,1,4.0
flàu,1,4.0
drau,1,4.0
trìp,1,4.0
chez,1,4.0
chen,1,4.0
smaz,1,4.0
psìl,1,4.0
sbàs,1,4.0
grìc,1,4.0
ghèn,1,4.0
bréc,1,4.0
tung,1,4.0
smùs,1,4.0
scab,1,4.0
stém,1,4.0
gìnk,1,4.0
dieu,1,4.0
frùl,1,4.0
sbùf,1,4.0
glip,1,4.0
fror,1,4.0
samp,1,4.0
slon,1,4.0
nius,1,4.0
snìf,1,4.0
fico,1,4.0
fràc,1,4.0
lièu,1,4.0
chli,1,4.0
snèl,1,4.0
clèt,1,4.0
prùg,1,4.0
smai,1,4.0
cret,1,4.0
miur,1,4.0
guàp,1,4.0
sbaf,1,4.0
bull,1,4.0
piòi,1,4.0
dròn,1,4.0
psìt,1,4.0
plum,1,4.0
sdet,1,4.0
drui,1,4.0
smià,1,4.0
ptìs,1,4.0
sfré,1,4.0
slìn,1,4.0
mont,1,4.0
dres,1,4.0
sdàr,1,4.0
blòi,1,4.0
guap,1,4.0
drón,1,4.0
blia,1,4.0
prìl,1,4.0
grùc,1,4.0
gòld,1,4.0
spip,1,4.0
glèt,1,4.0
fael,1,4.0
plìn,1,4.0
quiz,1,4.0
fràm,1,4.0
stex,1,4.0
scui,1,4.0
niùb,1,4.0
sanc,1,4.0
tier,1,4.0
sbit,1,4.0
scéz,1,4.0
tent,1,4.0
vlar,1,4.0
greg,1,4.0
thià,1,4.0
mier,1,4.0
gico,1,4.0
cles,1,4.0
psàm,1,4.0
frài,1,4.0
sdùr,1,4.0
tech,1,4.0
stòp,1,4.0
cral,1,4.0
riùn,1,4.0
cènt,1,4.0
cròi,1,4.0
smez,1,4.0
hert,1,4.0
ping,1,4.0
slèp,1,4.0
stèg,1,4.0
scìc,1,4.0
arrr,1,4.0
smìl,1,4.0
d'al,1,4.0
grùz,1,4.0
guìg,1,4.0
film,1,4.0
fràp,1,4.0
spèc,1,4.0
bèst,1,4.0
gruo,1,4.0
gnéz,1,4.0
fero,1,4.0
pler,1,4.0
tico,1,4.0
grua,1,4.0
flir,1,4.0
flòt,1,4.0
pròi,1,4.0
clìn,1,4.0
clèf,1,4.0
skut,1,4.0
flàc,1,4.0
frìz,1,4.0
flòp,1,4.0
siàn,1,4.0
ròid,1,4.0
zian,1,4.0
sium,1,4.0
dian,1,4.0
pràc,1,4.0
park,1,4.0
slàn,1,4.0
sfun,1,4.0
peiz,1,4.0
slàm,1,4.0
plot,1,4.0
gnòz,1,4.0
blon,1,4.0
bruz,1,4.0
youn,1,4.0
fluì,1,4.0
slòg,1,4.0
pràr,1,4.0
giag,1,4.0
cràm,1,4.0
sces,1,4.0
sbìr,1,4.0
nist,1,4.0
flàn,1,4.0
quél,1,4.0
fréc,1,4.0
vien,1,4.0
sius,1,4.0
pàss,1,4.0
volt,1,4.0
niàn,1,4.0
fràg,1,4.0
cras,1,4.0
dron,1,4.0
flex,1,4.0
gink,1,4.0
slàr,1,4.0
drai,1,4.0
chir,1,4.0
còng,1,4.0
blùn,1,4.0
sist,1,4.0
blòt,1,4.0
spòi,1,4.0
stìr,1,4.0
chìr,1,4.0
biòt,1,4.0
gang,1,4.0
gròl,1,4.0
stòz,1,4.0
svìr,1,4.0
svàc,1,4.0
clow,1,4.0
sfos,1,4.0
gius,1,4.0
quor,1,4.0
gòlf,1,4.0
prìn,1,4.0
stùt,1,4.0
stès,1,4.0
brìs,1,4.0
glìc,1,4.0
slem,1,4.0
ùsso,1,4.0
sgeu,1,4.0
spep,1,4.0
bión,1,4.0
spró,1,4.0
buiz,1,4.0
pias,1,4.0
dhàr,1,4.0
glàu,1,4.0
càrd,1,4.0
plet,1,4.0
bres,1,4.0
brau,1,4.0
jean,1,4.0
stuo,1,4.0
stón,1,4.0
prùs,1,4.0
ciùf,1,4.0
trùi,1,4.0
nior,1,4.0
spùt,1,4.0
brow,1,4.0
giùc,1,4.0
gleu,1,4.0
zàto,1,4.0
cker,1,4.0
vrés,1,4.0
tiòr,1,4.0
sdos,1,4.0
rang,1,4.0
ziòt,1,4.0
diet,1,4.0
srup,1,4.0
shàm,1,4.0
clis,1,4.0
ftal,1,4.0
gnòr,1,4.0
frét,1,4.0
slàz,1,4.0
teur,1,4.0
fiòr,1,4.0
pròp,1,4.0
freu,1,4.0
ciàg,1,4.0
biéz,1,4.0
sgot,1,4.0
sfór,1,4.0
sgat,1,4.0
grùl,1,4.0
cauc,1,4.0
gneg,1,4.0
scir,1,4.0
sfòs,1,4.0
gnór,1,4.0
drar,1,4.0
pang,1,4.0
tiàm,1,4.0
treo,1,4.0
suin,1,4.0
stàb,1,4.0
tior,1,4.0
crèt,1,4.0
cèrp,1,4.0
lius,1,4.0
stùi,1,4.0
dròt,1,4.0
fiòs,1,4.0
plìs,1,4.0
niàc,1,4.0
spiz,1,4.0
sval,1,4.0
sfog,1,4.0
sèng,1,4.0
leus,1,4.0
scòz,1,4.0
quag,1,4.0
diòt,1,4.0
diàl,1,4.0
flòc,1,4.0
lion,1,4.0
dium,1,4.0
vièt,1,4.0
gria,1,4.0
svàs,1,4.0
scuc,1,4.0
crìl,1,4.0
sing,1,4.0
blàt,1,4.0
plom,1,4.0
sbiz,1,4.0
bros,1,4.0
mico,1,4.0
clià,1,4.0
snòn,1,4.0
ving,1,4.0
clìs,1,4.0
vràs,1,4.0
spùr,1,4.0
diàc,1,4.0
piuc,1,4.0
flag,1,4.0
sièr,1,4.0
mics,1,4.0
fric,1,4.0
slen,1,4.0
gnox,1,4.0
viem,1,4.0
miàm,1,4.0
scòl,1,4.0
flon,1,4.0
ciùr,1,4.0
gueg,1,4.0
nèll,1,4.0
smam,1,4.0
plùs,1,4.0
sièn,1,4.0
fròi,1,4.0
buàs,1,4.0
grac,1,4.0
ghép,1,4.0
cloc,1,4.0
gnio,1,4.0
flap,1,4.0
dièr,1,4.0
gròp,1,4.0
guac,1,4.0
smàl,1,4.0
gnuò,1,4.0
guìt,1,4.0
làrm,1,4.0
brìn,1,4.0
scès,1,4.0
plòt,1,4.0
gràr,1,4.0
lìnc,1,4.0
sfen,1,4.0
fica,1,4.0
mial,1,4.0
quió,1,4.0
gnus,1,4.0
liór,1,4.0
quòd,1,4.0
stég,1,4.0
frùm,1,4.0
sfem,1,4.0
slun,1,4.0
piòp,1,4.0
guèf,1,4.0
ckià,1,4.0
ning,1,4.0
slìp,1,4.0
smàc,1,4.0
biac,1,4.0
daiz,1,4.0
traz,1,4.0
sfót,1,4.0
sbiè,1,4.0
quèr,1,4.0
sfià,1,4.0
brùp,1,4.0
gróp,1,4.0
diak,1,4.0
smuc,1,4.0
gurt,1,4.0
gràt,1,4.0
chìf,1,4.0
stùg,1,4.0
gnis,1,4.0
nièt,1,4.0
sbóc,1,4.0
drof,1,4.0
ftàl,1,4.0
briò,1,4.0
flip,1,4.0
piut,1,4.0
ploi,1,4.0
sfòg,1,4.0
biàg,1,4.0
bràm,1,4.0
reos,1,4.0
tràs,1,4.0
sdut,1,4.0
smòt,1,4.0
piàr,1,4.0
buèn,1,4.0
crìb,1,4.0
stìz,1,4.0
póll,1,4.0
giàs,1,4.0
sket,1,4.0
trég,1,4.0
gràc,1,4.0
palm,1,4.0
drin,1,4.0
biàr,1,4.0
pràg,1,4.0
ròng,1,4.0
lamb,1,4.0
tàrd,1,4.0
cies,1,4.0
smae,1,4.0
sbel,1,4.0
sbòz,1,4.0
brèg,1,4.0
ghìp,1,4.0
cheu,1,4.0
ging,1,4.0
rion,1,4.0
sgòr,1,4.0
scém,1,4.0
scùl,1,4.0
mond,1,4.0
sfìl,1,4.0
spèp,1,4.0
stèc,1,4.0
sbàn,1,4.0
brùl,1,4.0
clam,1,4.0
sbàt,1,4.0
cton,1,4.0
tuor,1,4.0
sgàg,1,4.0
slèt,1,4.0
pnoi,1,4.0
sben,1,4.0
sclè,1,4.0
sgòb,1,4.0
zió,2200,3.0
sta,1942,3.0
con,1562,3.0
sti,1558,3.0
smo,1481,3.0
tra,1470,3.0
mén,1470,3.0
chi,1446,3.0
tro,1332,3.0
gli,1142,3.0
rio,1126,3.0
sco,1028,3.0
pro,947,3.0
pre,916,3.0
gra,891,3.0
tri,870,3.0
cia,766,3.0
trì,724,3.0
sci,719,3.0
cio,715,3.0
gio,698,3.0
ter,670,3.0
cià,653,3.0
sca,631,3.0
per,625,3.0
zio,580,3.0
già,571,3.0
ste,554,3.0
sto,540,3.0
com,529,3.0
car,505,3.0
cro,489,3.0
lià,476,3.0
che,469,3.0
cor,453,3.0
dio,449,3.0
trà,421,3.0
ran,420,3.0
lia,419,3.0
stà,418,3.0
ver,403,3.0
rin,401,3.0
men,392,3.0
col,389,3.0
liz,371,3.0
qua,369,3.0
lio,362,3.0
gia,359,3.0
spe,359,3.0
chì,345,3.0
grà,331,3.0
cen,328,3.0
let,324,3.0
spi,323,3.0
for,320,3.0
por,317,3.0
ria,312,3.0
cri,308,3.0
fra,304,3.0
cal,303,3.0
sió,302,3.0
man,301,3.0
spa,298,3.0
ràn,297,3.0
sio,291,3.0
cèn,282,3.0
can,281,3.0
pia,281,3.0
pen,268,3.0
par,265,3.0
ten,261,3.0
bra,257,3.0
riz,253,3.0
qui,253,3.0
rià,251,3.0
gno,247,3.0
dro,246,3.0
zià,236,3.0
stì,235,3.0
tre,234,3.0
spo,234,3.0
cre,234,3.0
pra,231,3.0
dia,231,3.0
ché,228,3.0
tàn,227,3.0
pri,227,3.0
bio,224,3.0
bri,222,3.0
gnà,219,3.0
gua,219,3.0
ven,213,3.0
sot,207,3.0
téz,206,3.0
nio,206,3.0
rat,206,3.0
bro,203,3.0
giu,203,3.0
ser,199,3.0
sin,198,3.0
tèn,198,3.0
mar,198,3.0
ron,195,3.0
tor,194,3.0
dèn,194,3.0
scà,193,3.0
rac,191,3.0
gna,188,3.0
bar,188,3.0
pio,186,3.0
làn,184,3.0
ram,184,3.0
pan,184,3.0
tiz,179,3.0
mor,178,3.0
tel,177,3.0
sen,175,3.0
zia,174,3.0
lan,172,3.0
sce,171,3.0
stè,169,3.0
tru,169,3.0
sal,168,3.0
fer,166,3.0
scè,166,3.0
fór,165,3.0
pla,165,3.0
res,160,3.0
den,159,3.0
pli,157,3.0
bat,157,3.0
trò,156,3.0
scò,155,3.0
mal,153,3.0
sma,149,3.0
brà,146,3.0
dià,144,3.0
cer,144,3.0
càn,144,3.0
ghi,141,3.0
niz,141,3.0
rèn,140,3.0
fre,140,3.0
ren,139,3.0
nèl,139,3.0
pal,139,3.0
mon,138,3.0
bor,136,3.0
lèn,136,3.0
cam,135,3.0
màn,134,3.0
pol,133,3.0
psi,132,3.0
nàn,132,3.0
pet,132,3.0
sor,132,3.0
san,131,3.0
cla,130,3.0
lin,129,3.0
cel,129,3.0
sol,129,3.0
ràm,128,3.0
niè,128,3.0
dri,127,3.0
rim,125,3.0
nià,125,3.0
sba,125,3.0
que,124,3.0
tan,124,3.0
bal,124,3.0
stu,124,3.0
liè,124,3.0
dis,123,3.0
tiè,123,3.0
bia,122,3.0
rèl,121,3.0
pas,121,3.0
tal,121,3.0
càr,121,3.0
scu,120,3.0
pie,120,3.0
gro,119,3.0
raf,119,3.0
tur,119,3.0
ièn,119,3.0
ber,118,3.0
gre,117,3.0
tar,117,3.0
reg,116,3.0
fia,115,3.0
pel,115,3.0
dra,115,3.0
vol,115,3.0
rap,114,3.0
cle,114,3.0
gèn,114,3.0
pun,114,3.0
pià,114,3.0
nia,114,3.0
mio,114,3.0
tèr,113,3.0
sfo,113,3.0
fio,112,3.0
pic,111,3.0
neu,111,3.0
gri,110,3.0
clo,110,3.0
tèl,110,3.0
ghe,110,3.0
ció,110,3.0
fal,109,3.0
scì,109,3.0
ret,109,3.0
cra,108,3.0
leg,107,3.0
glo,106,3.0
bel,104,3.0
rut,103,3.0
stò,103,3.0
mer,102,3.0
lét,102,3.0
ple,102,3.0
ban,101,3.0
tem,100,3.0
set,98,3.0
plà,97,3.0
bru,97,3.0
fan,95,3.0
cin,94,3.0
quà,93,3.0
tàg,93,3.0
fri,92,3.0
prè,92,3.0
van,92,3.0
flu,91,3.0
cap,91,3.0
cèl,91,3.0
ras,91,3.0
gui,90,3.0
rie,90,3.0
lie,89,3.0
còr,89,3.0
del,89,3.0
crò,88,3.0
crì,87,3.0
spà,86,3.0
pèr,86,3.0
val,86,3.0
cir,86,3.0
bli,85,3.0
spu,85,3.0
nar,85,3.0
sar,84,3.0
bià,84,3.0
lió,84,3.0
sfi,84,3.0
fru,84,3.0
fon,83,3.0
tac,83,3.0
vel,83,3.0
sve,83,3.0
lèt,82,3.0
gal,82,3.0
cli,82,3.0
mis,82,3.0
cet,82,3.0
pon,82,3.0
fro,82,3.0
ros,81,3.0
ciò,81,3.0
pos,81,3.0
piè,81,3.0
rit,80,3.0
gió,80,3.0
nor,80,3.0
crà,80,3.0
las,79,3.0
nét,79,3.0
prò,79,3.0
chè,79,3.0
len,79,3.0
neg,78,3.0
les,77,3.0
far,77,3.0
ton,77,3.0
bot,77,3.0
plu,77,3.0
sfa,76,3.0
bre,75,3.0
ses,75,3.0
rét,75,3.0
guà,75,3.0
guì,75,3.0
der,74,3.0
iet,74,3.0
mul,74,3.0
boc,74,3.0
ral,74,3.0
rag,74,3.0
drà,74,3.0
drì,73,3.0
roc,73,3.0
gne,73,3.0
fet,73,3.0
vio,72,3.0
nèn,72,3.0
riè,71,3.0
lac,71,3.0
spè,71,3.0
gen,71,3.0
nel,71,3.0
lon,70,3.0
rom,70,3.0
fla,70,3.0
ciè,70,3.0
vèn,70,3.0
ric,68,3.0
sià,67,3.0
fià,67,3.0
spì,67,3.0
tam,67,3.0
don,67,3.0
smi,67,3.0
cas,67,3.0
ces,66,3.0
nàg,66,3.0
ben,66,3.0
cac,66,3.0
stó,66,3.0
vèr,66,3.0
lat,66,3.0
tró,66,3.0
tin,66,3.0
sel,66,3.0
pul,65,3.0
zàn,65,3.0
dàn,65,3.0
vra,65,3.0
iàr,65,3.0
tec,65,3.0
cón,64,3.0
plo,64,3.0
frà,64,3.0
teg,64,3.0
prì,64,3.0
mòr,63,3.0
dif,62,3.0
mez,62,3.0
sàn,62,3.0
rec,62,3.0
tàl,62,3.0
tàr,62,3.0
ràc,62,3.0
fle,62,3.0
ciu,61,3.0
gni,61,3.0
lau,61,3.0
bac,61,3.0
gar,61,3.0
lòt,60,3.0
cul,60,3.0
get,60,3.0
gnò,60,3.0
brì,60,3.0
via,59,3.0
ràg,59,3.0
sim,59,3.0
mas,58,3.0
càl,58,3.0
vòl,58,3.0
sac,58,3.0
tio,58,3.0
rìt,57,3.0
noc,57,3.0
pèn,57,3.0
trè,57,3.0
rel,57,3.0
pàr,57,3.0
déz,56,3.0
tua,56,3.0
pòr,56,3.0
cru,56,3.0
sur,55,3.0
fat,55,3.0
clà,55,3.0
drò,55,3.0
gru,55,3.0
lam,55,3.0
dut,55,3.0
til,55,3.0
pac,55,3.0
sfè,55,3.0
clì,55,3.0
gàn,55,3.0
sia,55,3.0
fol,54,3.0
iar,54,3.0
fil,54,3.0
sbi,54,3.0
mét,54,3.0
vàn,53,3.0
net,53,3.0
sil,53,3.0
gan,53,3.0
nac,53,3.0
cat,53,3.0
giù,53,3.0
sàg,53,3.0
mil,53,3.0
scó,52,3.0
lìn,51,3.0
ciù,51,3.0
bol,51,3.0
sla,51,3.0
tià,50,3.0
làc,50,3.0
dat,50,3.0
toc,50,3.0
cór,50,3.0
bla,50,3.0
pin,50,3.0
mat,50,3.0
mel,50,3.0
vià,50,3.0
lar,49,3.0
svi,49,3.0
mac,49,3.0
raz,49,3.0
maz,49,3.0
gue,49,3.0
rió,49,3.0
mol,49,3.0
sub,49,3.0
reo,48,3.0
vul,48,3.0
lot,48,3.0
quì,48,3.0
pàn,48,3.0
dèl,48,3.0
non,48,3.0
rìn,48,3.0
ràt,48,3.0
prà,48,3.0
sté,47,3.0
dan,47,3.0
liò,47,3.0
rón,47,3.0
iét,47,3.0
làg,47,3.0
diè,46,3.0
ciz,46,3.0
léz,46,3.0
lun,46,3.0
ner,46,3.0
tic,46,3.0
bàr,46,3.0
vin,46,3.0
sbo,45,3.0
tìc,45,3.0
vèl,45,3.0
sof,45,3.0
teo,45,3.0
bur,45,3.0
rab,44,3.0
grì,44,3.0
fes,44,3.0
tas,44,3.0
tèc,44,3.0
paz,44,3.0
sfe,44,3.0
sme,44,3.0
rez,44,3.0
cur,43,3.0
tos,43,3.0
ger,43,3.0
mie,43,3.0
rav,43,3.0
bie,43,3.0
sem,43,3.0
sga,43,3.0
stù,43,3.0
trù,43,3.0
pór,43,3.0
réc,42,3.0
gon,42,3.0
leu,42,3.0
rès,42,3.0
sup,42,3.0
ghé,42,3.0
fis,42,3.0
flo,42,3.0
dor,42,3.0
fac,41,3.0
ziè,41,3.0
nàr,41,3.0
ril,41,3.0
vet,41,3.0
rad,41,3.0
pàl,41,3.0
die,41,3.0
boz,41,3.0
bec,41,3.0
lom,41,3.0
cil,41,3.0
sul,40,3.0
gnó,40,3.0
suc,40,3.0
cìn,40,3.0
iàc,40,3.0
sag,40,3.0
cau,40,3.0
sie,40,3.0
pru,40,3.0
miz,40,3.0
dar,40,3.0
dre,40,3.0
tìn,40,3.0
bàn,40,3.0
spó,39,3.0
vil,39,3.0
sét,39,3.0
cèr,39,3.0
ghì,39,3.0
sèn,39,3.0
siè,39,3.0
gnì,39,3.0
sgo,39,3.0
pez,39,3.0
pèl,38,3.0
tré,38,3.0
nal,38,3.0
tàc,38,3.0
plè,38,3.0
som,38,3.0
nòt,38,3.0
sgu,38,3.0
fòr,37,3.0
réz,37,3.0
ròt,37,3.0
seg,37,3.0
nun,37,3.0
bam,37,3.0
fuo,37,3.0
met,37,3.0
ròc,37,3.0
spò,37,3.0
fit,36,3.0
tòr,36,3.0
coc,36,3.0
roi,36,3.0
clu,36,3.0
ròi,36,3.0
mèn,36,3.0
son,36,3.0
rot,36,3.0
peg,36,3.0
còt,36,3.0
sop,36,3.0
glò,36,3.0
fìl,36,3.0
sec,36,3.0
quo,36,3.0
dot,35,3.0
còl,35,3.0
què,35,3.0
psì,35,3.0
brò,35,3.0
fèr,35,3.0
min,35,3.0
frì,35,3.0
cuò,35,3.0
scé,35,3.0
nin,35,3.0
fun,35,3.0
sog,35,3.0
bas,35,3.0
fel,34,3.0
bèl,34,3.0
sva,34,3.0
tùr,34,3.0
sèl,34,3.0
rìc,34,3.0
mià,34,3.0
dol,34,3.0
iòt,34,3.0
làs,34,3.0
sìl,34,3.0
màr,34,3.0
ior,34,3.0
leo,34,3.0
mec,34,3.0
gam,33,3.0
fón,33,3.0
còn,33,3.0
smà,33,3.0
viè,33,3.0
ràr,33,3.0
cot,33,3.0
bet,33,3.0
làr,33,3.0
fàt,33,3.0
ruf,33,3.0
mag,32,3.0
pùn,32,3.0
lòi,32,3.0
cie,32,3.0
pil,32,3.0
vac,32,3.0
tet,32,3.0
nie,32,3.0
pìn,31,3.0
cop,31,3.0
sfà,31,3.0
ruc,31,3.0
nàc,31,3.0
bom,31,3.0
diò,31,3.0
pat,31,3.0
més,31,3.0
sua,31,3.0
bàl,31,3.0
dèr,31,3.0
bul,31,3.0
iat,31,3.0
glì,31,3.0
luo,31,3.0
mia,30,3.0
gom,30,3.0
roz,30,3.0
rol,30,3.0
giò,30,3.0
sas,30,3.0
crè,30,3.0
nió,30,3.0
sèt,29,3.0
cré,29,3.0
suf,29,3.0
red,29,3.0
smò,29,3.0
los,29,3.0
nàu,29,3.0
bór,28,3.0
bir,28,3.0
gor,28,3.0
mes,28,3.0
fen,28,3.0
càg,28,3.0
zie,28,3.0
miè,28,3.0
grè,28,3.0
rul,28,3.0
sìn,28,3.0
tór,28,3.0
gat,28,3.0
sus,27,3.0
bus,27,3.0
dét,27,3.0
blà,27,3.0
lès,27,3.0
tió,27,3.0
meg,27,3.0
deg,27,3.0
sic,27,3.0
tau,27,3.0
zét,27,3.0
riò,27,3.0
mam,27,3.0
fàn,27,3.0
got,26,3.0
vàl,26,3.0
glu,26,3.0
fur,26,3.0
gla,26,3.0
siò,26,3.0
piz,26,3.0
caz,26,3.0
bèr,26,3.0
rìl,26,3.0
pse,26,3.0
còc,26,3.0
scù,26,3.0
gnè,26,3.0
sèr,26,3.0
not,26,3.0
tàs,26,3.0
buo,26,3.0
lor,26,3.0
dón,25,3.0
dót,25,3.0
pól,25,3.0
pap,25,3.0
nau,25,3.0
vìn,25,3.0
làt,25,3.0
càm,25,3.0
tèm,25,3.0
zuc,25,3.0
fie,25,3.0
ràs,25,3.0
grò,25,3.0
loc,25,3.0
bon,24,3.0
tia,24,3.0
fàl,24,3.0
luc,24,3.0
fìt,24,3.0
pré,24,3.0
nei,24,3.0
buf,24,3.0
lìt,24,3.0
nul,24,3.0
top,24,3.0
tol,24,3.0
dùr,24,3.0
sàl,24,3.0
ceo,24,3.0
gin,24,3.0
flè,24,3.0
caf,24,3.0
rip,24,3.0
vir,24,3.0
blo,23,3.0
sau,23,3.0
dàt,23,3.0
fré,23,3.0
rau,23,3.0
zan,23,3.0
pèt,23,3.0
frù,23,3.0
ràl,23,3.0
svo,23,3.0
càc,23,3.0
lit,23,3.0
gèl,23,3.0
zin,22,3.0
pàs,22,3.0
nòi,22,3.0
tie,22,3.0
gab,22,3.0
pec,22,3.0
bré,22,3.0
rar,22,3.0
laz,22,3.0
cét,22,3.0
nat,22,3.0
gré,22,3.0
ràz,22,3.0
sun,21,3.0
clù,21,3.0
ièl,21,3.0
dit,21,3.0
pur,21,3.0
sbu,21,3.0
lec,21,3.0
sàr,21,3.0
tap,21,3.0
cól,21,3.0
iàt,21,3.0
dop,21,3.0
tòi,21,3.0
tes,21,3.0
dos,21,3.0
róm,21,3.0
piò,21,3.0
vét,21,3.0
bùr,21,3.0
naf,21,3.0
tón,21,3.0
fin,21,3.0
lus,21,3.0
cuc,20,3.0
bàt,20,3.0
lòs,20,3.0
dió,20,3.0
món,20,3.0
dru,20,3.0
fiè,20,3.0
rea,20,3.0
ble,20,3.0
ler,20,3.0
ruz,20,3.0
càs,20,3.0
vén,20,3.0
rug,20,3.0
git,20,3.0
gel,20,3.0
brù,20,3.0
cis,20,3.0
gàr,20,3.0
rus,20,3.0
piu,20,3.0
vie,20,3.0
tag,19,3.0
tuc,19,3.0
ròs,19,3.0
gèt,19,3.0
nap,19,3.0
zam,19,3.0
pog,19,3.0
mèl,19,3.0
soc,19,3.0
bèn,19,3.0
sbe,19,3.0
frò,19,3.0
plò,19,3.0
fàr,19,3.0
dàg,19,3.0
làu,19,3.0
guè,19,3.0
gaz,19,3.0
càu,19,3.0
ruò,19,3.0
tés,19,3.0
rèt,19,3.0
cèt,19,3.0
dul,19,3.0
lùn,18,3.0
nes,18,3.0
mit,18,3.0
moz,18,3.0
mèr,18,3.0
nen,18,3.0
pió,18,3.0
tàt,18,3.0
lic,18,3.0
plì,18,3.0
nòc,18,3.0
fab,18,3.0
vec,18,3.0
rùt,18,3.0
zet,18,3.0
sam,18,3.0
bàc,18,3.0
pau,18,3.0
nèr,18,3.0
sòl,18,3.0
mem,18,3.0
lui,18,3.0
zòi,18,3.0
cès,18,3.0
bró,18,3.0
lòc,18,3.0
iòc,18,3.0
pub,17,3.0
lìs,17,3.0
sug,17,3.0
vez,17,3.0
rop,17,3.0
sàc,17,3.0
suò,17,3.0
tir,17,3.0
sdi,17,3.0
pàc,17,3.0
slo,17,3.0
vor,17,3.0
bét,17,3.0
biè,17,3.0
vam,17,3.0
drù,17,3.0
flò,17,3.0
slà,17,3.0
sòr,17,3.0
còi,17,3.0
reu,17,3.0
bón,17,3.0
brè,17,3.0
màc,17,3.0
lup,17,3.0
nea,17,3.0
coz,16,3.0
ròl,16,3.0
gas,16,3.0
tìs,16,3.0
séc,16,3.0
fli,16,3.0
sór,16,3.0
gné,16,3.0
coi,16,3.0
pìc,16,3.0
fió,16,3.0
tùt,16,3.0
lég,16,3.0
spù,16,3.0
pom,16,3.0
viz,16,3.0
sab,16,3.0
pit,16,3.0
sap,16,3.0
tès,16,3.0
giz,16,3.0
zàr,16,3.0
fem,16,3.0
lut,16,3.0
dac,16,3.0
cem,16,3.0
flù,16,3.0
suo,16,3.0
sfu,16,3.0
pét,16,3.0
gol,16,3.0
fos,16,3.0
dem,16,3.0
lis,16,3.0
det,16,3.0
sùl,15,3.0
sov,15,3.0
gàl,15,3.0
diz,15,3.0
tòc,15,3.0
lem,15,3.0
mir,15,3.0
sàu,15,3.0
cén,15,3.0
bió,15,3.0
cus,15,3.0
fró,15,3.0
rùc,15,3.0
tuo,15,3.0
lai,15,3.0
tut,15,3.0
làm,15,3.0
lim,15,3.0
dàr,15,3.0
nic,15,3.0
smu,15,3.0
vit,15,3.0
tat,14,3.0
taf,14,3.0
sfì,14,3.0
doc,14,3.0
pìl,14,3.0
gró,14,3.0
dìc,14,3.0
grù,14,3.0
sde,14,3.0
lei,14,3.0
xan,14,3.0
cuo,14,3.0
clò,14,3.0
pes,14,3.0
cit,14,3.0
ves,14,3.0
prù,14,3.0
cóm,14,3.0
fuò,14,3.0
biz,14,3.0
dró,14,3.0
sle,14,3.0
sdo,14,3.0
sud,14,3.0
bàs,14,3.0
veg,14,3.0
plù,14,3.0
dua,14,3.0
mùn,14,3.0
nèu,14,3.0
nil,14,3.0
sno,14,3.0
iel,14,3.0
tim,14,3.0
nìc,14,3.0
niò,14,3.0
ris,13,3.0
nam,13,3.0
biò,13,3.0
bic,13,3.0
clè,13,3.0
sne,13,3.0
flà,13,3.0
rof,13,3.0
nùn,13,3.0
pùl,13,3.0
sbà,13,3.0
nèt,13,3.0
nuo,13,3.0
dòs,13,3.0
frè,13,3.0
vre,13,3.0
zur,13,3.0
giè,13,3.0
dòn,13,3.0
noi,13,3.0
sat,13,3.0
fèt,13,3.0
béc,13,3.0
ròz,13,3.0
cic,13,3.0
mìn,13,3.0
gàt,13,3.0
gil,13,3.0
pop,13,3.0
ful,13,3.0
pir,13,3.0
sfò,13,3.0
lón,13,3.0
but,13,3.0
lap,13,3.0
tét,13,3.0
fir,13,3.0
fìn,12,3.0
bis,12,3.0
tìl,12,3.0
pàt,12,3.0
fìg,12,3.0
pòn,12,3.0
moc,12,3.0
niu,12,3.0
lèm,12,3.0
pte,12,3.0
rep,12,3.0
lùc,12,3.0
lop,12,3.0
blì,12,3.0
zap,12,3.0
bóm,12,3.0
cìl,12,3.0
vàg,12,3.0
ràf,12,3.0
più,12,3.0
màs,12,3.0
duo,12,3.0
dèi,12,3.0
zuò,12,3.0
cim,12,3.0
diu,12,3.0
due,12,3.0
rur,12,3.0
pnè,12,3.0
pèu,12,3.0
rég,12,3.0
rem,12,3.0
neb,12,3.0
véz,12,3.0
mai,12,3.0
nos,12,3.0
toi,12,3.0
bóc,12,3.0
gof,12,3.0
fér,12,3.0
sùn,12,3.0
tig,11,3.0
ges,11,3.0
goc,11,3.0
dìn,11,3.0
bin,11,3.0
fòs,11,3.0
màz,11,3.0
mot,11,3.0
séz,11,3.0
pig,11,3.0
rai,11,3.0
sav,11,3.0
tuf,11,3.0
tòl,11,3.0
mài,11,3.0
cum,11,3.0
vér,11,3.0
cep,11,3.0
smè,11,3.0
goz,11,3.0
buc,11,3.0
són,11,3.0
mèz,11,3.0
cùr,11,3.0
tàm,11,3.0
bil,11,3.0
put,11,3.0
lèr,11,3.0
ràp,11,3.0
còp,11,3.0
zèl,11,3.0
zaf,11,3.0
tom,11,3.0
gem,11,3.0
fiu,11,3.0
vuo,11,3.0
log,11,3.0
hin,11,3.0
zop,11,3.0
rós,11,3.0
cei,11,3.0
tùc,11,3.0
poc,11,3.0
màg,11,3.0
iàl,11,3.0
rìz,11,3.0
fiò,10,3.0
vìl,10,3.0
gob,10,3.0
gór,10,3.0
càt,10,3.0
tég,10,3.0
crù,10,3.0
zec,10,3.0
dap,10,3.0
zac,10,3.0
tiò,10,3.0
ror,10,3.0
fàu,10,3.0
fic,10,3.0
tot,10,3.0
gle,10,3.0
cér,10,3.0
ièt,10,3.0
mòl,10,3.0
tlè,10,3.0
sob,10,3.0
zel,10,3.0
sli,10,3.0
var,10,3.0
lùs,10,3.0
sra,10,3.0
fèn,10,3.0
ruo,10,3.0
din,10,3.0
muf,10,3.0
gìl,10,3.0
fìs,10,3.0
sui,10,3.0
lìp,10,3.0
còm,10,3.0
cùl,10,3.0
vàr,10,3.0
pep,10,3.0
miò,10,3.0
ziò,10,3.0
pàg,10,3.0
mun,10,3.0
guo,10,3.0
sue,10,3.0
cìr,10,3.0
fug,10,3.0
muò,10,3.0
puc,10,3.0
feb,10,3.0
dei,10,3.0
iéz,10,3.0
cui,10,3.0
vàc,10,3.0
vri,10,3.0
pié,9,3.0
dìt,9,3.0
rùr,9,3.0
blè,9,3.0
sod,9,3.0
nua,9,3.0
rài,9,3.0
téc,9,3.0
toz,9,3.0
pèz,9,3.0
zol,9,3.0
pàu,9,3.0
gàg,9,3.0
tez,9,3.0
bàg,9,3.0
nef,9,3.0
sbè,9,3.0
pég,9,3.0
blò,9,3.0
zeg,9,3.0
psa,9,3.0
puz,9,3.0
tùn,9,3.0
rùg,9,3.0
fàc,9,3.0
sbò,9,3.0
hèr,9,3.0
fùl,9,3.0
gòt,9,3.0
èst,9,3.0
lèi,9,3.0
pàz,9,3.0
nìs,9,3.0
tei,9,3.0
néz,9,3.0
reb,9,3.0
bòt,9,3.0
gau,9,3.0
pam,9,3.0
ker,9,3.0
baz,9,3.0
smì,9,3.0
màl,9,3.0
lìc,9,3.0
sep,9,3.0
nài,9,3.0
cìc,9,3.0
cai,9,3.0
tuò,9,3.0
quò,9,3.0
bab,9,3.0
mòs,9,3.0
lìz,9,3.0
rìg,9,3.0
buz,9,3.0
nuò,8,3.0
mùl,8,3.0
fot,8,3.0
tàz,8,3.0
zùr,8,3.0
tòn,8,3.0
rei,8,3.0
tis,8,3.0
nés,8,3.0
zar,8,3.0
bòz,8,3.0
cos,8,3.0
lés,8,3.0
pot,8,3.0
pél,8,3.0
tùl,8,3.0
vas,8,3.0
lùp,8,3.0
nàt,8,3.0
còs,8,3.0
cùs,8,3.0
dal,8,3.0
gòn,8,3.0
feg,8,3.0
tòs,8,3.0
mne,8,3.0
ius,8,3.0
luò,8,3.0
bos,8,3.0
càp,8,3.0
gón,8,3.0
bef,8,3.0
rót,8,3.0
gàs,8,3.0
còz,8,3.0
règ,8,3.0
riu,8,3.0
mus,8,3.0
mìs,8,3.0
góc,8,3.0
rif,8,3.0
pso,8,3.0
tòt,8,3.0
glà,8,3.0
tòp,8,3.0
vrà,8,3.0
pén,8,3.0
tìr,8,3.0
cró,8,3.0
lag,8,3.0
sès,8,3.0
mòt,8,3.0
dòt,8,3.0
zup,8,3.0
dog,8,3.0
làz,8,3.0
vat,8,3.0
geo,8,3.0
naz,8,3.0
nìn,8,3.0
lìm,8,3.0
gét,8,3.0
fét,7,3.0
nùl,7,3.0
ràu,7,3.0
rùl,7,3.0
sòi,7,3.0
taz,7,3.0
cùc,7,3.0
cém,7,3.0
gnu,7,3.0
nus,7,3.0
své,7,3.0
rèi,7,3.0
blu,7,3.0
lep,7,3.0
mic,7,3.0
pón,7,3.0
ròn,7,3.0
dòr,7,3.0
fau,7,3.0
dùn,7,3.0
psò,7,3.0
bìr,7,3.0
das,7,3.0
lab,7,3.0
nuz,7,3.0
rig,7,3.0
baf,7,3.0
muc,7,3.0
svà,7,3.0
tèi,7,3.0
pró,7,3.0
lum,7,3.0
poz,7,3.0
bòi,7,3.0
vaz,7,3.0
nìz,7,3.0
nav,7,3.0
pag,7,3.0
nec,7,3.0
bùs,7,3.0
tus,7,3.0
tui,7,3.0
léc,7,3.0
sfó,7,3.0
svì,7,3.0
dòl,7,3.0
tèu,7,3.0
slì,7,3.0
dài,7,3.0
feu,7,3.0
rìs,7,3.0
sùc,7,3.0
ràb,7,3.0
svè,7,3.0
lea,7,3.0
sos,7,3.0
iùc,7,3.0
soz,7,3.0
lur,7,3.0
nòr,7,3.0
iòl,7,3.0
vìt,7,3.0
pòi,7,3.0
qué,7,3.0
lòp,7,3.0
bòc,7,3.0
bùt,7,3.0
rùz,7,3.0
deu,7,3.0
sei,7,3.0
fiù,7,3.0
dól,7,3.0
gàm,7,3.0
vic,6,3.0
cou,6,3.0
nop,6,3.0
rùs,6,3.0
gèr,6,3.0
fta,6,3.0
zoc,6,3.0
tài,6,3.0
vèc,6,3.0
slè,6,3.0
nég,6,3.0
zer,6,3.0
sum,6,3.0
nis,6,3.0
cto,6,3.0
rùn,6,3.0
dec,6,3.0
tuz,6,3.0
sài,6,3.0
lèg,6,3.0
dìl,6,3.0
cèu,6,3.0
sùr,6,3.0
rèu,6,3.0
gìn,6,3.0
sòt,6,3.0
sìc,6,3.0
ket,6,3.0
ier,6,3.0
bub,6,3.0
tàp,6,3.0
ptò,6,3.0
fès,6,3.0
vió,6,3.0
màm,6,3.0
glè,6,3.0
sàs,6,3.0
mùr,6,3.0
sgi,6,3.0
zàc,6,3.0
gim,6,3.0
mìl,6,3.0
loi,6,3.0
màt,6,3.0
tóm,6,3.0
flì,6,3.0
bìz,6,3.0
vrò,6,3.0
mùf,6,3.0
mig,6,3.0
zòt,6,3.0
tlà,6,3.0
làp,6,3.0
gòl,6,3.0
rén,6,3.0
saf,6,3.0
drè,6,3.0
sai,6,3.0
tep,6,3.0
fèl,6,3.0
vég,6,3.0
bùc,6,3.0
sna,6,3.0
fàg,6,3.0
bìl,6,3.0
gìt,6,3.0
ból,6,3.0
fól,6,3.0
lèu,6,3.0
ròp,6,3.0
rié,5,3.0
lóm,5,3.0
fiz,5,3.0
tun,5,3.0
dàl,5,3.0
lav,5,3.0
pud,5,3.0
nàs,5,3.0
gìa,5,3.0
kan,5,3.0
viò,5,3.0
kar,5,3.0
cài,5,3.0
sóm,5,3.0
dàc,5,3.0
nui,5,3.0
smù,5,3.0
bùf,5,3.0
fél,5,3.0
mìr,5,3.0
zoi,5,3.0
zim,5,3.0
liu,5,3.0
pus,5,3.0
bié,5,3.0
glù,5,3.0
dér,5,3.0
spé,5,3.0
rùf,5,3.0
nàl,5,3.0
pip,5,3.0
mòi,5,3.0
zèn,5,3.0
fòi,5,3.0
zòl,5,3.0
nim,5,3.0
gut,5,3.0
sàt,5,3.0
sìr,5,3.0
zié,5,3.0
gèm,5,3.0
zìn,5,3.0
nès,5,3.0
pèp,5,3.0
zep,5,3.0
bag,5,3.0
sis,5,3.0
bau,5,3.0
dié,5,3.0
fùn,5,3.0
geu,5,3.0
mau,5,3.0
cìm,5,3.0
tul,5,3.0
run,5,3.0
még,5,3.0
vìz,5,3.0
hìn,5,3.0
moi,5,3.0
siz,5,3.0
pòt,5,3.0
lez,5,3.0
sni,5,3.0
gól,5,3.0
gòr,5,3.0
pis,5,3.0
lex,5,3.0
tle,5,3.0
map,5,3.0
tùi,5,3.0
gec,5,3.0
réd,5,3.0
mug,5,3.0
faz,5,3.0
hèn,5,3.0
ghè,5,3.0
vis,5,3.0
pif,5,3.0
poi,5,3.0
dic,5,3.0
càz,5,3.0
nur,5,3.0
zàf,5,3.0
lip,5,3.0
dub,5,3.0
sùb,5,3.0
rum,5,3.0
póm,5,3.0
bòs,5,3.0
wat,5,3.0
zón,5,3.0
cec,5,3.0
gur,5,3.0
rés,5,3.0
zòc,5,3.0
mìc,5,3.0
hir,5,3.0
buò,5,3.0
tàu,5,3.0
sig,5,3.0
nem,5,3.0
sbì,5,3.0
réb,5,3.0
lal,5,3.0
rìf,5,3.0
pof,5,3.0
bìs,5,3.0
nìr,5,3.0
bòr,4,3.0
nòs,4,3.0
deb,4,3.0
teu,4,3.0
dég,4,3.0
pòs,4,3.0
fog,4,3.0
cló,4,3.0
néb,4,3.0
gàc,4,3.0
pùb,4,3.0
tùf,4,3.0
zon,4,3.0
pés,4,3.0
bàm,4,3.0
sfù,4,3.0
sèx,4,3.0
dré,4,3.0
cùi,4,3.0
luz,4,3.0
sdé,4,3.0
vrì,4,3.0
meo,4,3.0
nas,4,3.0
béz,4,3.0
sèg,4,3.0
pòl,4,3.0
vìr,4,3.0
zit,4,3.0
pèi,4,3.0
lài,4,3.0
tòf,4,3.0
lìg,4,3.0
cua,4,3.0
vòr,4,3.0
làb,4,3.0
vàt,4,3.0
mól,4,3.0
tum,4,3.0
nàz,4,3.0
nàm,4,3.0
tòz,4,3.0
sél,4,3.0
aiz,4,3.0
rìa,4,3.0
bìn,4,3.0
vuò,4,3.0
niù,4,3.0
pòg,4,3.0
psu,4,3.0
dùl,4,3.0
sól,4,3.0
gib,4,3.0
dob,4,3.0
bap,4,3.0
vùl,4,3.0
iòi,4,3.0
bàz,4,3.0
fae,4,3.0
pòc,4,3.0
tóc,4,3.0
tèx,4,3.0
quó,4,3.0
dìs,4,3.0
fig,4,3.0
tén,4,3.0
bud,4,3.0
pìz,4,3.0
pùc,4,3.0
slu,4,3.0
suà,4,3.0
nuc,4,3.0
voi,4,3.0
gòb,4,3.0
rìm,4,3.0
snu,4,3.0
mùc,4,3.0
bòl,4,3.0
zat,4,3.0
tìm,4,3.0
bùl,4,3.0
fót,4,3.0
lig,4,3.0
bìt,4,3.0
ctò,4,3.0
bit,4,3.0
seo,4,3.0
làl,4,3.0
bòn,4,3.0
vag,4,3.0
zàt,4,3.0
rèm,4,3.0
cad,4,3.0
néc,4,3.0
jaz,4,3.0
tìz,4,3.0
gag,4,3.0
sòc,4,3.0
lér,4,3.0
mòg,4,3.0
nùc,4,3.0
péc,4,3.0
zéc,4,3.0
nit,4,3.0
lòg,4,3.0
guz,4,3.0
tèg,4,3.0
góm,4,3.0
cha,4,3.0
bót,4,3.0
biu,4,3.0
ned,4,3.0
dun,4,3.0
bug,4,3.0
zot,4,3.0
zir,4,3.0
nig,4,3.0
dén,4,3.0
gnù,4,3.0
móz,4,3.0
cun,4,3.0
dom,4,3.0
the,4,3.0
méz,4,3.0
fib,3,3.0
pùt,3,3.0
skì,3,3.0
dùb,3,3.0
pùz,3,3.0
sàb,3,3.0
bàb,3,3.0
zen,3,3.0
tay,3,3.0
cùz,3,3.0
von,3,3.0
nèd,3,3.0
bài,3,3.0
bìb,3,3.0
bàf,3,3.0
dip,3,3.0
vuc,3,3.0
mad,3,3.0
zeu,3,3.0
zai,3,3.0
cef,3,3.0
pèc,3,3.0
lèc,3,3.0
sre,3,3.0
sìa,3,3.0
lèf,3,3.0
deo,3,3.0
nol,3,3.0
boi,3,3.0
sda,3,3.0
cti,3,3.0
mur,3,3.0
tép,3,3.0
nìt,3,3.0
gos,3,3.0
dav,3,3.0
fec,3,3.0
tól,3,3.0
cìp,3,3.0
nof,3,3.0
gip,3,3.0
mòc,3,3.0
sàf,3,3.0
kin,3,3.0
fei,3,3.0
pòm,3,3.0
rid,3,3.0
leb,3,3.0
tìg,3,3.0
bif,3,3.0
lùr,3,3.0
veo,3,3.0
zàm,3,3.0
póz,3,3.0
làh,3,3.0
cke,3,3.0
pto,3,3.0
bùn,3,3.0
pìf,3,3.0
nél,3,3.0
pàm,3,3.0
lùm,3,3.0
gàb,3,3.0
sén,3,3.0
dum,3,3.0
sgè,3,3.0
ioi,3,3.0
mùs,3,3.0
zùc,3,3.0
mèm,3,3.0
pim,3,3.0
pti,3,3.0
dag,3,3.0
dél,3,3.0
vès,3,3.0
sót,3,3.0
dab,3,3.0
sdu,3,3.0
dàs,3,3.0
zép,3,3.0
dóp,3,3.0
tuà,3,3.0
hob,3,3.0
fàb,3,3.0
fìr,3,3.0
sòn,3,3.0
dea,3,3.0
lùt,3,3.0
gàz,3,3.0
thu,3,3.0
ìst,3,3.0
dór,3,3.0
mìt,3,3.0
zom,3,3.0
lòz,3,3.0
pìt,3,3.0
foi,3,3.0
nòn,3,3.0
mió,3,3.0
dàz,3,3.0
dòc,3,3.0
pès,3,3.0
fùr,3,3.0
zìz,3,3.0
sge,3,3.0
lùi,3,3.0
dez,3,3.0
nip,3,3.0
num,3,3.0
lif,3,3.0
nòz,3,3.0
zig,3,3.0
sùp,3,3.0
siu,3,3.0
doz,3,3.0
pno,3,3.0
nàp,3,3.0
nèi,3,3.0
lob,3,3.0
lìl,3,3.0
dìr,3,3.0
mut,3,3.0
ség,3,3.0
ièu,3,3.0
fém,3,3.0
biù,3,3.0
blù,3,3.0
lel,3,3.0
max,3,3.0
pùr,3,3.0
céz,3,3.0
bàu,3,3.0
tàf,3,3.0
sèm,3,3.0
nab,2,3.0
sùg,2,3.0
vig,2,3.0
zóm,2,3.0
gie,2,3.0
slò,2,3.0
tex,2,3.0
ohi,2,3.0
dém,2,3.0
cùf,2,3.0
beg,2,3.0
zaz,2,3.0
bai,2,3.0
pèg,2,3.0
gha,2,3.0
tós,2,3.0
gus,2,3.0
mùg,2,3.0
duò,2,3.0
arc,2,3.0
lòn,2,3.0
sad,2,3.0
vàm,2,3.0
zàg,2,3.0
nag,2,3.0
gùr,2,3.0
lén,2,3.0
lil,2,3.0
tém,2,3.0
rùm,2,3.0
ham,2,3.0
vùn,2,3.0
zil,2,3.0
xil,2,3.0
nèc,2,3.0
kià,2,3.0
han,2,3.0
zùl,2,3.0
kàr,2,3.0
mòn,2,3.0
dil,2,3.0
gén,2,3.0
nox,2,3.0
rór,2,3.0
pei,2,3.0
vài,2,3.0
rer,2,3.0
iuò,2,3.0
zuf,2,3.0
duc,2,3.0
sòf,2,3.0
cni,2,3.0
nól,2,3.0
lòl,2,3.0
bùb,2,3.0
rèc,2,3.0
tao,2,3.0
sif,2,3.0
dam,2,3.0
cab,2,3.0
pex,2,3.0
dìg,2,3.0
pài,2,3.0
dàm,2,3.0
mea,2,3.0
des,2,3.0
gul,2,3.0
zài,2,3.0
bló,2,3.0
lèl,2,3.0
soq,2,3.0
suè,2,3.0
gìc,2,3.0
nùz,2,3.0
gòz,2,3.0
cèi,2,3.0
gàu,2,3.0
snò,2,3.0
lib,2,3.0
sdò,2,3.0
dùt,2,3.0
vlo,2,3.0
féz,2,3.0
pòp,2,3.0
sóf,2,3.0
zàp,2,3.0
bès,2,3.0
wel,2,3.0
nir,2,3.0
cié,2,3.0
lùz,2,3.0
pùm,2,3.0
kìt,2,3.0
mao,2,3.0
vól,2,3.0
cte,2,3.0
fag,2,3.0
hon,2,3.0
tèt,2,3.0
tuó,2,3.0
fòl,2,3.0
zùf,2,3.0
mèc,2,3.0
màu,2,3.0
bes,2,3.0
péz,2,3.0
dèu,2,3.0
fìm,2,3.0
pìs,2,3.0
vìc,2,3.0
dàf,2,3.0
pìr,2,3.0
yur,2,3.0
bun,2,3.0
lud,2,3.0
nór,2,3.0
nùs,2,3.0
vèt,2,3.0
vea,2,3.0
zìr,2,3.0
snì,2,3.0
sàm,2,3.0
pàp,2,3.0
sdì,2,3.0
mum,2,3.0
rùb,2,3.0
tha,2,3.0
slù,2,3.0
mìg,2,3.0
sir,2,3.0
snè,2,3.0
ném,2,3.0
mór,2,3.0
gès,2,3.0
bìc,2,3.0
zìl,2,3.0
vìs,2,3.0
pìp,2,3.0
mnè,2,3.0
soi,2,3.0
cép,2,3.0
lef,2,3.0
fèb,2,3.0
zùp,2,3.0
gùn,2,3.0
sgù,2,3.0
wol,2,3.0
lòf,2,3.0
rex,2,3.0
moa,2,3.0
hai,2,3.0
tùs,2,3.0
nàf,2,3.0
gic,2,3.0
móc,2,3.0
dùc,2,3.0
bòf,2,3.0
fòg,2,3.0
fìa,2,3.0
daf,2,3.0
bùz,2,3.0
yeu,2,3.0
dug,2,3.0
dòb,2,3.0
gùl,2,3.0
tìp,2,3.0
rób,2,3.0
lór,2,3.0
sìm,2,3.0
ftà,2,3.0
vro,2,3.0
kho,2,3.0
nìg,2,3.0
dés,2,3.0
dóc,2,3.0
nùr,2,3.0
cèm,2,3.0
lòr,2,3.0
gad,2,3.0
zuz,1,3.0
dèt,1,3.0
kap,1,3.0
tid,1,3.0
ars,1,3.0
zue,1,3.0
tea,1,3.0
róf,1,3.0
gum,1,3.0
tmè,1,3.0
ròb,1,3.0
vìg,1,3.0
càf,1,3.0
bez,1,3.0
lèd,1,3.0
nìa,1,3.0
cóp,1,3.0
féc,1,3.0
fùg,1,3.0
ctì,1,3.0
dèm,1,3.0
cuz,1,3.0
nèm,1,3.0
dèo,1,3.0
boy,1,3.0
dig,1,3.0
rèa,1,3.0
sùt,1,3.0
sèi,1,3.0
tìk,1,3.0
jun,1,3.0
dùz,1,3.0
bìm,1,3.0
sid,1,3.0
vrè,1,3.0
sèp,1,3.0
emò,1,3.0
hol,1,3.0
fég,1,3.0
fàx,1,3.0
hìm,1,3.0
kai,1,3.0
cod,1,3.0
lùx,1,3.0
jum,1,3.0
rèr,1,3.0
pai,1,3.0
kòi,1,3.0
did,1,3.0
sùm,1,3.0
lèb,1,3.0
nòp,1,3.0
nié,1,3.0
nez,1,3.0
mìm,1,3.0
boo,1,3.0
nii,1,3.0
tip,1,3.0
nùm,1,3.0
tiù,1,3.0
pòk,1,3.0
mùz,1,3.0
lìr,1,3.0
fìb,1,3.0
vad,1,3.0
bèi,1,3.0
bèf,1,3.0
àlp,1,3.0
vos,1,3.0
suz,1,3.0
hib,1,3.0
dèc,1,3.0
lox,1,3.0
ehi,1,3.0
goe,1,3.0
dàd,1,3.0
sér,1,3.0
léb,1,3.0
ahi,1,3.0
ròf,1,3.0
róz,1,3.0
bei,1,3.0
fèc,1,3.0
sùi,1,3.0
mog,1,3.0
jou,1,3.0
dax,1,3.0
zei,1,3.0
mél,1,3.0
càd,1,3.0
lùl,1,3.0
edì,1,3.0
vru,1,3.0
fài,1,3.0
mùm,1,3.0
tùm,1,3.0
sii,1,3.0
fui,1,3.0
key,1,3.0
zìm,1,3.0
gùz,1,3.0
nee,1,3.0
dìm,1,3.0
mèu,1,3.0
tai,1,3.0
véc,1,3.0
laf,1,3.0
pef,1,3.0
tút,1,3.0
pae,1,3.0
gòi,1,3.0
kàj,1,3.0
gàf,1,3.0
ken,1,3.0
dùm,1,3.0
zól,1,3.0
gap,1,3.0
sez,1,3.0
zèf,1,3.0
kla,1,3.0
fùc,1,3.0
puf,1,3.0
tlì,1,3.0
glé,1,3.0
tup,1,3.0
xal,1,3.0
sùv,1,3.0
kàn,1,3.0
fti,1,3.0
vòc,1,3.0
dàu,1,3.0
wià,1,3.0
xit,1,3.0
mès,1,3.0
mòz,1,3.0
wil,1,3.0
pàb,1,3.0
fés,1,3.0
fló,1,3.0
cùm,1,3.0
mié,1,3.0
sym,1,3.0
lém,1,3.0
sro,1,3.0
vàu,1,3.0
gót,1,3.0
kun,1,3.0
vór,1,3.0
bea,1,3.0
lad,1,3.0
nik,1,3.0
lìb,1,3.0
zéz,1,3.0
géz,1,3.0
art,1,3.0
pàd,1,3.0
rak,1,3.0
sóz,1,3.0
kaf,1,3.0
déb,1,3.0
suv,1,3.0
lao,1,3.0
vèm,1,3.0
mòb,1,3.0
guó,1,3.0
paf,1,3.0
lòb,1,3.0
rém,1,3.0
joy,1,3.0
wer,1,3.0
kur,1,3.0
dòp,1,3.0
goi,1,3.0
noe,1,3.0
xis,1,3.0
tov,1,3.0
xèr,1,3.0
ska,1,3.0
lol,1,3.0
dòx,1,3.0
seb,1,3.0
góz,1,3.0
ckì,1,3.0
dòg,1,3.0
dès,1,3.0
gey,1,3.0
sép,1,3.0
dui,1,3.0
rìd,1,3.0
wai,1,3.0
vim,1,3.0
ròg,1,3.0
nén,1,3.0
rìr,1,3.0
bùd,1,3.0
sòm,1,3.0
dàp,1,3.0
bén,1,3.0
rob,1,3.0
tof,1,3.0
rhy,1,3.0
dhì,1,3.0
srà,1,3.0
kab,1,3.0
emo,1,3.0
cea,1,3.0
tàx,1,3.0
cta,1,3.0
poo,1,3.0
wèl,1,3.0
fòn,1,3.0
mof,1,3.0
gìb,1,3.0
sém,1,3.0
zòp,1,3.0
pug,1,3.0
céc,1,3.0
xià,1,3.0
cèf,1,3.0
pak,1,3.0
bìf,1,3.0
wah,1,3.0
zìt,1,3.0
bùg,1,3.0
xia,1,3.0
mùd,1,3.0
fùs,1,3.0
gài,1,3.0
móm,1,3.0
wap,1,3.0
zda,1,3.0
pùs,1,3.0
nom,1,3.0
mèi,1,3.0
sib,1,3.0
sùd,1,3.0
sìz,1,3.0
cùn,1,3.0
làf,1,3.0
làx,1,3.0
bòx,1,3.0
còb,1,3.0
hàh,1,3.0
bèu,1,3.0
lìa,1,3.0
l'e,1,3.0
fue,1,3.0
nóm,1,3.0
két,1,3.0
gir,1,3.0
lay,1,3.0
nìb,1,3.0
róg,1,3.0
mos,1,3.0
kon,1,3.0
mob,1,3.0
vòx,1,3.0
thà,1,3.0
kil,1,3.0
cnì,1,3.0
yàr,1,3.0
thò,1,3.0
vou,1,3.0
vón,1,3.0
zìa,1,3.0
nep,1,3.0
gòs,1,3.0
vun,1,3.0
jai,1,3.0
gùt,1,3.0
gac,1,3.0
lép,1,3.0
zèp,1,3.0
nìp,1,3.0
yùc,1,3.0
chò,1,3.0
tèp,1,3.0
mix,1,3.0
fuc,1,3.0
tìo,1,3.0
rèd,1,3.0
fít,1,3.0
vai,1,3.0
lèz,1,3.0
zég,1,3.0
zìf,1,3.0
bob,1,3.0
guc,1,3.0
vem,1,3.0
vur,1,3.0
nìm,1,3.0
pyc,1,3.0
gis,1,3.0
zip,1,3.0
dìp,1,3.0
xer,1,3.0
yup,1,3.0
kei,1,3.0
sòv,1,3.0
zuo,1,3.0
sìg,1,3.0
nue,1,3.0
dad,1,3.0
woo,1,3.0
koi,1,3.0
gég,1,3.0
buk,1,3.0
mùt,1,3.0
vòt,1,3.0
cég,1,3.0
ziz,1,3.0
kùl,1,3.0
cee,1,3.0
zàz,1,3.0
soa,1,3.0
gid,1,3.0
fèu,1,3.0
sfú,1,3.0
vom,1,3.0
peo,1,3.0
vàz,1,3.0
geg,1,3.0
cub,1,3.0
loe,1,3.0
bél,1,3.0
snà,1,3.0
vei,1,3.0
kor,1,3.0
zòz,1,3.0
rho,1,3.0
alc,1,3.0
fìx,1,3.0
hal,1,3.0
bòm,1,3.0
z'à,1,3.0
kim,1,3.0
lìf,1,3.0
yùr,1,3.0
fàs,1,3.0
còf,1,3.0
kèt,1,3.0
coa,1,3.0
puo,1,3.0
bum,1,3.0
bwà,1,3.0
nìl,1,3.0
yon,1,3.0
dìa,1,3.0
pèm,1,3.0
sak,1,3.0
nev,1,3.0
fod,1,3.0
xar,1,3.0
ski,1,3.0
mim,1,3.0
fèi,1,3.0
zal,1,3.0
zla,1,3.0
fai,1,3.0
dur,1,3.0
nón,1,3.0
svó,1,3.0
póp,1,3.0
cob,1,3.0
xàg,1,3.0
cuì,1,3.0
gòf,1,3.0
bèz,1,3.0
dèp,1,3.0
màp,1,3.0
vòi,1,3.0
re,14705,2.0
co,9768,2.0
to,9141,2.0
ra,7933,2.0
ri,7615,2.0
ta,6265,2.0
io,5912,2.0
ne,5846,2.0
te,5683,2.0
ro,5620,2.0
ti,5383,2.0
ca,5182,2.0
le,4974,2.0
li,4951,2.0
ci,4544,2.0
tà,4258,2.0
di,4217,2.0
no,4154,2.0
in,3832,2.0
si,3764,2.0
mo,3702,2.0
la,3600,2.0
ia,3545,2.0
lo,3542,2.0
zi,3460,2.0
ma,3400,2.0
so,3353,2.0
ià,3341,2.0
na,3320,2.0
gi,3121,2.0
an,3030,2.0
ió,3017,2.0
rà,2962,2.0
bi,2913,2.0
pa,2763,2.0
rì,2762,2.0
er,2758,2.0
me,2677,2.0
ni,2673,2.0
nà,2612,2.0
on,2557,2.0
mi,2532,2.0
po,2490,2.0
de,2481,2.0
en,2469,2.0
tì,2454,2.0
pe,2447,2.0
ce,2434,2.0
ar,2386,2.0
là,2361,2.0
pi,2349,2.0
or,2254,2.0
tó,2246,2.0
fi,2163,2.0
cà,2069,2.0
al,2009,2.0
se,2005,2.0
lì,1939,2.0
za,1921,2.0
sa,1875,2.0
àn,1798,2.0
vo,1667,2.0
mé,1607,2.0
fo,1600,2.0
hi,1600,2.0
vi,1600,2.0
èn,1597,2.0
tù,1581,2.0
ve,1559,2.0
én,1541,2.0
ba,1519,2.0
do,1509,2.0
nì,1422,2.0
ac,1387,2.0
et,1327,2.0
go,1295,2.0
ga,1272,2.0
im,1178,2.0
va,1175,2.0
iz,1160,2.0
fa,1127,2.0
zà,1127,2.0
ge,1105,2.0
mà,1101,2.0
el,1085,2.0
da,1084,2.0
bo,1080,2.0
ol,1075,2.0
at,1058,2.0
tu,1024,2.0
am,972,2.0
fe,969,2.0
su,953,2.0
sì,952,2.0
tè,941,2.0
iè,933,2.0
tò,913,2.0
lu,901,2.0
ru,851,2.0
as,850,2.0
dà,835,2.0
mì,832,2.0
sà,830,2.0
om,828,2.0
rò,824,2.0
gì,820,2.0
cì,802,2.0
cu,777,2.0
ie,775,2.0
èl,769,2.0
be,757,2.0
pà,749,2.0
dì,730,2.0
rè,726,2.0
gu,710,2.0
fì,697,2.0
cè,686,2.0
cò,681,2.0
àr,666,2.0
ét,665,2.0
ot,657,2.0
pì,656,2.0
au,646,2.0
lò,619,2.0
ap,615,2.0
eg,599,2.0
gà,597,2.0
he,591,2.0
pu,581,2.0
zo,576,2.0
es,562,2.0
lè,554,2.0
mu,539,2.0
bu,536,2.0
oc,514,2.0
èr,511,2.0
iò,504,2.0
nè,503,2.0
il,502,2.0
ul,488,2.0
vì,487,2.0
nò,463,2.0
và,461,2.0
bà,457,2.0
du,451,2.0
àg,446,2.0
dè,439,2.0
té,428,2.0
nu,424,2.0
af,422,2.0
ec,414,2.0
ré,414,2.0
ur,405,2.0
fà,402,2.0
ui,401,2.0
gè,400,2.0
os,396,2.0
ró,390,2.0
àl,390,2.0
fu,386,2.0
pè,381,2.0
un,381,2.0
ìn,377,2.0
né,375,2.0
iu,375,2.0
ir,372,2.0
ór,370,2.0
àc,365,2.0
òr,357,2.0
eu,355,2.0
ic,352,2.0
is,347,2.0
mè,344,2.0
ag,344,2.0
ló,341,2.0
ab,336,2.0
lé,333,2.0
mò,326,2.0
có,319,2.0
bì,316,2.0
az,315,2.0
em,313,2.0
ón,299,2.0
òt,295,2.0
it,285,2.0
lù,282,2.0
pò,272,2.0
hé,271,2.0
àt,264,2.0
rù,258,2.0
sò,257,2.0
àm,247,2.0
vè,246,2.0
fó,243,2.0
èt,241,2.0
zì,240,2.0
sè,235,2.0
uc,234,2.0
ut,229,2.0
op,227,2.0
só,224,2.0
pó,212,2.0
av,212,2.0
dé,205,2.0
fè,200,2.0
nó,200,2.0
às,196,2.0
fò,193,2.0
cù,190,2.0
òl,188,2.0
òi,187,2.0
dò,186,2.0
uà,178,2.0
iù,177,2.0
dó,176,2.0
sù,169,2.0
ìc,167,2.0
uò,166,2.0
ùn,165,2.0
òc,163,2.0
dù,163,2.0
bè,159,2.0
ad,157,2.0
cé,155,2.0
bù,153,2.0
ùr,153,2.0
gò,152,2.0
us,151,2.0
ìt,150,2.0
ze,143,2.0
sé,142,2.0
àu,141,2.0
ès,140,2.0
bò,139,2.0
uf,134,2.0
pù,132,2.0
nù,132,2.0
of,127,2.0
mó,126,2.0
vé,123,2.0
pé,118,2.0
oi,117,2.0
òs,116,2.0
mù,110,2.0
bó,108,2.0
ùl,104,2.0
òn,103,2.0
gó,103,2.0
ei,101,2.0
vò,98,2.0
og,96,2.0
ip,94,2.0
ié,93,2.0
àz,92,2.0
ég,92,2.0
ìs,91,2.0
és,91,2.0
ól,89,2.0
up,85,2.0
ùc,85,2.0
ub,84,2.0
zò,84,2.0
óm,81,2.0
vu,80,2.0
ai,79,2.0
ef,78,2.0
fù,77,2.0
zu,77,2.0
ug,70,2.0
ep,70,2.0
èc,67,2.0
zó,66,2.0
um,66,2.0
uz,65,2.0
ìr,64,2.0
èu,64,2.0
èm,60,2.0
ùt,59,2.0
ob,59,2.0
bé,58,2.0
ìz,57,2.0
ov,56,2.0
gù,54,2.0
ér,54,2.0
vó,52,2.0
xe,52,2.0
èi,51,2.0
àp,50,2.0
zé,49,2.0
fé,49,2.0
ex,46,2.0
òp,45,2.0
zè,45,2.0
eb,43,2.0
ùs,42,2.0
él,40,2.0
àf,38,2.0
zù,37,2.0
ke,36,2.0
xi,36,2.0
gé,35,2.0
ìm,34,2.0
ka,29,2.0
ìp,29,2.0
àb,28,2.0
ùz,27,2.0
ùf,27,2.0
ha,23,2.0
ém,23,2.0
xo,22,2.0
èx,20,2.0
òm,19,2.0
ùg,19,2.0
òg,19,2.0
ib,16,2.0
ùm,16,2.0
vù,16,2.0
xì,15,2.0
id,15,2.0
òf,15,2.0
èp,15,2.0
ki,13,2.0
ho,13,2.0
kì,13,2.0
wa,12,2.0
òb,12,2.0
kà,11,2.0
ko,8,2.0
èf,8,2.0
hà,7,2.0
ja,7,2.0
py,7,2.0
xà,7,2.0
wi,6,2.0
ku,5,2.0
èb,5,2.0
xò,5,2.0
ju,5,2.0
ty,5,2.0
kò,5,2.0
yo,4,2.0
kè,4,2.0
we,4,2.0
xè,4,2.0
ya,4,2.0
ye,4,2.0
òv,4,2.0
hò,4,2.0
àd,4,2.0
hu,4,2.0
by,4,2.0
yà,3,2.0
jo,3,2.0
dy,3,2.0
yò,3,2.0
tú,2,2.0
kù,2,2.0
sy,2,2.0
ná,2,2.0
jù,2,2.0
ev,2,2.0
ké,2,2.0
ly,1,2.0
yè,1,2.0
lí,1,2.0
nú,1,2.0
hù,1,2.0
xó,1,2.0
wì,1,2.0
my,1,2.0
cú,1,2.0
ví,1,2.0
ky,1,2.0
hó,1,2.0
cá,1,2.0
o,44158,1.0
i,43525,1.0
a,41858,1.0
e,39716,1.0
t,38032,1.0
à,25248,1.0
ì,16098,1.0
u,11025,1.0
ó,7939,1.0
è,7258,1.0
ò,6227,1.0
é,4510,1.0
ù,3655,1.0
y,58,1.0
nan,34,
